mulai,selesai,durasi_jam,nilai_min,nilai_rata,jam_mulai
2021-04-13 02:30:00,2021-04-13 03:45:00,1.5,2.6,2.9,2
2021-05-04 07:45:00,2021-05-04 09:15:00,1.75,2.7,2.7857142857142856,7
2021-05-05 07:30:00,2021-05-05 09:45:00,2.5,2.6,2.76,7
2021-05-06 10:00:00,2021-05-06 11:00:00,1.25,2.7,2.8400000000000003,10
2021-05-23 23:15:00,2021-05-24 00:45:00,1.75,2.3,2.6428571428571423,23
2021-05-24 23:45:00,2021-05-25 01:45:00,2.25,2.0,2.511111111111111,23
2021-05-26 01:15:00,2021-05-26 03:00:00,2.0,2.3,2.6125,1
2021-05-27 02:15:00,2021-05-27 03:45:00,1.75,2.1,2.6,2
2021-05-28 01:30:00,2021-05-28 04:30:00,3.25,1.8,2.4923076923076923,1
2021-05-29 04:30:00,2021-05-29 05:45:00,1.5,2.6,2.783333333333333,4
2021-05-30 04:30:00,2021-05-30 05:45:00,1.5,2.1,2.5999999999999996,4
2021-05-31 05:15:00,2021-05-31 07:30:00,2.5,2.0,2.78,5
2021-06-01 06:30:00,2021-06-01 08:45:00,2.5,2.1,2.58,6
2021-06-02 06:15:00,2021-06-02 09:30:00,3.5,2.0,2.485714285714286,6
2021-06-03 06:00:00,2021-06-03 10:15:00,4.5,1.6,2.1833333333333336,6
2021-06-03 20:30:00,2021-06-03 22:00:00,1.75,2.2,2.657142857142857,20
2021-06-04 07:15:00,2021-06-04 10:45:00,3.75,1.5,2.206666666666666,7
2021-06-04 20:45:00,2021-06-04 23:30:00,3.0,2.2,2.5666666666666664,20
2021-06-05 08:00:00,2021-06-05 11:45:00,4.0,1.5,2.2375,8
2021-06-05 21:00:00,2021-06-06 00:30:00,3.75,1.5,2.3466666666666662,21
2021-06-06 08:45:00,2021-06-06 12:15:00,3.75,2.1,2.46,8
2021-06-06 21:00:00,2021-06-07 01:45:00,5.0,1.5,2.2150000000000003,21
2021-06-07 10:15:00,2021-06-07 12:30:00,2.5,2.4,2.76,10
2021-06-07 21:45:00,2021-06-08 02:15:00,4.75,1.2,2.110526315789474,21
2021-06-08 10:45:00,2021-06-08 12:30:00,2.0,2.7,2.775,10
2021-06-08 22:15:00,2021-06-09 02:45:00,4.75,1.7,2.2473684210526312,22
2021-06-09 22:45:00,2021-06-09 23:45:00,1.25,2.3,2.54,22
2021-06-23 11:00:00,2021-06-23 12:30:00,1.75,2.7,2.771428571428572,11
2021-06-24 01:15:00,2021-06-24 02:45:00,1.75,2.7,2.871428571428571,1
2021-06-25 02:00:00,2021-06-25 03:45:00,2.0,2.6,2.8,2
2021-06-26 01:30:00,2021-06-26 04:30:00,3.25,2.3,2.6923076923076925,1
2021-06-27 02:00:00,2021-06-27 05:30:00,3.75,2.3,2.5333333333333328,2
2021-06-28 02:45:00,2021-06-28 06:15:00,3.75,2.1,2.493333333333333,2
2021-06-29 04:45:00,2021-06-29 06:45:00,2.25,2.7,2.933333333333333,4
2021-06-30 03:45:00,2021-06-30 08:00:00,4.5,1.9,2.1888888888888887,3
2021-07-01 04:15:00,2021-07-01 08:45:00,4.75,1.8,2.1578947368421053,4
2021-07-02 05:00:00,2021-07-02 09:15:00,4.5,2.2,2.566666666666667,5
2021-07-02 19:45:00,2021-07-02 21:30:00,2.0,2.5,2.7125000000000004,19
2021-07-03 06:45:00,2021-07-03 10:00:00,3.5,2.2,2.5428571428571423,6
2021-07-03 20:45:00,2021-07-03 22:45:00,2.25,2.7,2.966666666666667,20
2021-07-04 07:00:00,2021-07-04 11:30:00,4.75,2.2,2.568421052631579,7
2021-07-04 21:30:00,2021-07-05 00:15:00,3.0,2.7,2.8250000000000006,21
2021-07-05 08:00:00,2021-07-05 12:00:00,4.25,2.3,2.5470588235294116,8
2021-07-05 21:30:00,2021-07-06 01:15:00,4.0,2.4,2.66875,21
2021-07-06 08:45:00,2021-07-06 12:45:00,4.25,2.3,2.664705882352941,8
2021-07-06 21:45:00,2021-07-07 01:45:00,4.25,2.0,2.4352941176470586,21
2021-07-07 09:00:00,2021-07-07 13:00:00,4.25,2.3,2.605882352941176,9
2021-07-08 22:30:00,2021-07-09 02:30:00,4.25,2.0,2.3294117647058825,22
2021-07-09 23:00:00,2021-07-10 03:15:00,4.5,1.9,2.1944444444444446,23
2021-07-11 00:00:00,2021-07-11 04:30:00,4.75,2.0,2.2368421052631584,0
2021-07-12 00:45:00,2021-07-12 05:15:00,4.75,2.3,2.4999999999999996,0
2021-07-13 01:30:00,2021-07-13 05:45:00,4.5,2.0,2.3111111111111113,1
2021-07-14 02:00:00,2021-07-14 06:30:00,4.75,1.9,2.215789473684211,2
2021-07-15 02:30:00,2021-07-15 07:15:00,5.0,1.8,2.0349999999999997,2
2021-07-16 03:15:00,2021-07-16 08:00:00,5.0,1.8,2.0799999999999996,3
2021-07-17 04:00:00,2021-07-17 08:45:00,5.0,1.1,2.04,4
2021-07-17 19:45:00,2021-07-17 20:45:00,1.25,2.6,2.8,19
2021-07-18 05:00:00,2021-07-18 09:30:00,4.75,1.9,2.1578947368421053,5
2021-07-18 18:30:00,2021-07-18 22:00:00,3.75,2.0,2.2800000000000002,18
2021-07-19 05:45:00,2021-07-19 10:15:00,4.75,1.8,2.136842105263158,5
2021-07-19 19:45:00,2021-07-19 22:45:00,3.25,2.1,2.461538461538462,19
2021-07-20 07:15:00,2021-07-20 11:15:00,4.25,2.1,2.364705882352941,7
2021-07-20 21:00:00,2021-07-21 00:15:00,3.5,2.6,2.8285714285714287,21
2021-07-21 07:45:00,2021-07-21 12:00:00,4.5,2.3,2.566666666666667,7
2021-07-21 22:00:00,2021-07-22 01:15:00,3.5,2.3,2.521428571428572,22
2021-07-22 09:15:00,2021-07-22 14:00:00,5.0,2.4,2.665,9
2021-07-22 22:45:00,2021-07-23 02:00:00,3.5,2.2,2.392857142857143,22
2021-07-24 00:00:00,2021-07-24 03:30:00,3.75,2.2,2.486666666666667,0
2021-07-25 00:45:00,2021-07-25 04:30:00,4.0,2.2,2.50625,0
2021-07-26 01:15:00,2021-07-26 05:00:00,4.0,2.1,2.33125,1
2021-07-27 01:45:00,2021-07-27 06:00:00,4.5,2.1,2.394444444444445,1
2021-07-28 02:45:00,2021-07-28 06:15:00,3.75,2.2,2.5533333333333332,2
2021-07-29 02:45:00,2021-07-29 08:00:00,5.5,2.1,2.522727272727273,2
2021-07-30 03:00:00,2021-07-30 09:00:00,6.25,1.5,1.976,3
2021-07-31 04:15:00,2021-07-31 10:00:00,6.0,1.5,2.095833333333333,4
2021-07-31 19:15:00,2021-07-31 20:00:00,1.0,2.7,2.8,19
2021-08-01 05:30:00,2021-08-01 10:45:00,5.5,1.7,2.1363636363636362,5
2021-08-02 07:15:00,2021-08-02 09:30:00,2.5,2.1,2.4400000000000004,7
2021-08-02 19:45:00,2021-08-02 22:30:00,3.0,2.3,2.5749999999999997,19
2021-08-03 07:15:00,2021-08-03 11:45:00,4.75,1.8,2.3000000000000003,7
2021-08-03 21:00:00,2021-08-03 23:45:00,3.0,2.6,2.858333333333334,21
2021-08-04 07:45:00,2021-08-04 11:45:00,4.25,1.8,2.270588235294117,7
2021-08-04 20:30:00,2021-08-05 00:45:00,4.5,2.2,2.438888888888889,20
2021-08-05 08:30:00,2021-08-05 12:30:00,4.25,2.0,2.488235294117647,8
2021-08-05 21:45:00,2021-08-06 01:15:00,3.75,2.0,2.4200000000000004,21
2021-08-06 09:30:00,2021-08-06 12:30:00,3.25,2.6,2.769230769230769,9
2021-08-06 22:00:00,2021-08-07 02:15:00,4.5,1.8,2.1777777777777776,22
2021-08-07 09:45:00,2021-08-07 14:00:00,4.5,2.1,2.4055555555555554,9
2021-08-07 23:00:00,2021-08-08 03:30:00,4.75,1.9,2.2684210526315787,23
2021-08-08 12:30:00,2021-08-08 14:15:00,2.0,2.6,2.8499999999999996,12
2021-08-08 23:30:00,2021-08-09 04:00:00,4.75,1.8,2.163157894736842,23
2021-08-10 00:00:00,2021-08-10 04:30:00,4.75,1.5,2.0947368421052635,0
2021-08-11 00:45:00,2021-08-11 05:15:00,4.75,1.6,2.0210526315789474,0
2021-08-12 01:15:00,2021-08-12 06:00:00,5.0,1.6,2.0900000000000003,1
2021-08-13 01:45:00,2021-08-13 07:00:00,5.5,1.3,1.8181818181818181,1
2021-08-14 02:15:00,2021-08-14 07:45:00,5.75,1.4,1.9086956521739127,2
2021-08-14 17:45:00,2021-08-14 20:00:00,2.5,2.4,2.6900000000000004,17
2021-08-15 03:15:00,2021-08-15 09:15:00,6.25,1.1,1.944,3
2021-08-16 04:15:00,2021-08-16 10:30:00,6.5,1.6,2.1923076923076925,4
2021-08-17 06:00:00,2021-08-17 09:45:00,4.0,2.3,2.73125,6
2021-08-18 20:45:00,2021-08-19 00:00:00,3.5,1.9,2.414285714285714,20
2021-08-19 07:30:00,2021-08-19 12:00:00,4.75,1.2,1.8473684210526313,7
2021-08-19 21:45:00,2021-08-20 01:00:00,3.5,1.7,2.3071428571428574,21
2021-08-20 08:30:00,2021-08-20 13:00:00,4.75,2.1,2.5157894736842104,8
2021-08-20 22:15:00,2021-08-21 02:30:00,4.5,1.9,2.216666666666667,22
2021-08-21 12:15:00,2021-08-21 13:45:00,1.75,2.4,2.7857142857142856,12
2021-08-22 01:00:00,2021-08-22 02:45:00,2.0,2.5,2.7375,1
2021-08-22 23:30:00,2021-08-23 03:45:00,4.5,1.9,2.3611111111111107,23
2021-08-24 00:00:00,2021-08-24 04:30:00,4.75,1.6,2.121052631578947,0
2021-08-25 00:30:00,2021-08-25 05:15:00,5.0,1.5,2.1,0
2021-08-26 01:00:00,2021-08-26 06:00:00,5.25,1.4,1.9095238095238098,1
2021-08-27 01:45:00,2021-08-27 07:00:00,5.5,1.3,1.8545454545454545,1
2021-08-28 02:30:00,2021-08-28 07:45:00,5.5,1.2,1.813636363636364,2
2021-08-29 03:45:00,2021-08-29 08:45:00,5.25,1.6,2.0047619047619043,3
2021-08-30 05:15:00,2021-08-30 09:15:00,4.25,1.7,2.2294117647058824,5
2021-08-31 05:30:00,2021-08-31 10:30:00,5.25,1.3,2.042857142857143,5
2021-08-31 20:15:00,2021-08-31 23:00:00,3.0,2.7,3.108333333333334,20
2021-09-01 06:30:00,2021-09-01 11:45:00,5.5,1.8,2.2636363636363637,6
2021-09-01 20:15:00,2021-09-02 01:00:00,5.0,2.0,2.385,20
2021-09-02 08:15:00,2021-09-02 11:45:00,3.75,1.8,2.3266666666666667,8
2021-09-02 20:15:00,2021-09-03 00:30:00,4.5,1.7,2.0999999999999996,20
2021-09-03 08:00:00,2021-09-03 12:45:00,5.0,2.1,2.365,8
2021-09-03 22:00:00,2021-09-04 01:30:00,3.75,1.9,2.3466666666666662,22
2021-09-04 09:15:00,2021-09-04 13:45:00,4.75,2.2,2.6,9
2021-09-04 23:00:00,2021-09-05 02:15:00,3.5,1.8,2.3785714285714286,23
2021-09-05 11:30:00,2021-09-05 13:30:00,2.25,2.9,2.9666666666666663,11
2021-09-05 22:45:00,2021-09-06 02:45:00,4.25,1.7,2.211764705882353,22
2021-09-06 23:15:00,2021-09-07 03:30:00,4.5,1.7,2.1611111111111105,23
2021-09-07 14:00:00,2021-09-07 14:45:00,1.0,2.7,2.7750000000000004,14
2021-09-08 00:00:00,2021-09-08 04:00:00,4.25,1.6,2.170588235294118,0
2021-09-09 01:00:00,2021-09-09 04:15:00,3.5,1.9,2.4214285714285713,1
2021-09-10 01:15:00,2021-09-10 05:30:00,4.5,1.5,2.283333333333333,1
2021-09-11 02:00:00,2021-09-11 06:45:00,5.0,1.7,2.2499999999999996,2
2021-09-12 03:00:00,2021-09-12 07:30:00,4.75,1.8,2.2421052631578946,3
2021-09-13 03:30:00,2021-09-13 08:45:00,5.5,1.6,2.109090909090909,3
2021-09-14 04:30:00,2021-09-14 10:15:00,6.0,1.6,2.0749999999999997,4
2021-09-14 20:15:00,2021-09-14 22:00:00,2.0,2.4,2.6875,20
2021-09-15 05:30:00,2021-09-15 11:00:00,5.75,1.6,2.0913043478260867,5
2021-09-15 21:15:00,2021-09-15 23:30:00,2.5,2.5,2.73,21
2021-09-16 07:15:00,2021-09-16 11:30:00,4.5,1.8,2.1944444444444446,7
2021-09-16 21:00:00,2021-09-17 00:45:00,4.0,2.2,2.54375,21
2021-09-17 08:00:00,2021-09-17 12:45:00,5.0,2.0,2.3850000000000002,8
2021-09-17 21:30:00,2021-09-18 01:00:00,3.75,2.1,2.48,21
2021-09-18 09:00:00,2021-09-18 12:45:00,4.0,2.1,2.65625,9
2021-09-18 22:30:00,2021-09-19 02:00:00,3.75,1.9,2.2266666666666666,22
2021-09-19 23:45:00,2021-09-20 03:00:00,3.5,2.1,2.564285714285714,23
2021-09-21 01:00:00,2021-09-21 03:15:00,2.5,2.3,2.65,1
2021-09-22 00:45:00,2021-09-22 03:45:00,3.25,2.1,2.569230769230769,0
2021-09-23 00:30:00,2021-09-23 04:30:00,4.25,1.9,2.388235294117647,0
2021-09-24 01:30:00,2021-09-24 06:15:00,5.0,2.1,2.53,1
2021-09-25 03:00:00,2021-09-25 07:00:00,4.25,2.3,2.6117647058823534,3
2021-09-26 04:15:00,2021-09-26 07:15:00,3.25,2.2,2.576923076923077,4
2021-09-27 04:45:00,2021-09-27 07:30:00,3.0,2.0,2.416666666666667,4
2021-09-28 05:30:00,2021-09-28 08:15:00,3.0,2.0,2.4083333333333337,5
2021-09-29 06:00:00,2021-09-29 09:30:00,3.75,2.0,2.4266666666666667,6
2021-09-30 06:30:00,2021-09-30 10:15:00,4.0,1.8,2.2875,6
2021-09-30 20:30:00,2021-09-30 22:00:00,1.75,2.6,2.728571428571428,20
2021-10-01 07:00:00,2021-10-01 11:15:00,4.5,1.8,2.2000000000000006,7
2021-10-01 21:00:00,2021-10-01 23:00:00,2.25,2.3,2.611111111111111,21
2021-10-02 07:45:00,2021-10-02 11:45:00,4.25,1.5,2.182352941176471,7
2021-10-02 21:45:00,2021-10-03 01:00:00,3.5,2.3,2.5928571428571425,21
2021-10-03 10:45:00,2021-10-03 12:15:00,1.75,2.6,2.9285714285714284,10
2021-10-03 22:15:00,2021-10-04 01:00:00,3.0,1.4,2.3666666666666667,22
2021-10-04 22:30:00,2021-10-05 02:00:00,3.75,1.6,2.3400000000000007,22
2021-10-05 23:30:00,2021-10-06 02:15:00,3.0,2.4,2.6583333333333328,23
2021-10-06 13:30:00,2021-10-06 14:45:00,1.5,2.5,2.8000000000000003,13
2021-10-07 00:00:00,2021-10-07 03:30:00,3.75,2.2,2.566666666666666,0
2021-10-08 00:45:00,2021-10-08 04:15:00,3.75,2.1,2.44,0
2021-10-09 01:30:00,2021-10-09 05:00:00,3.75,2.3,2.62,1
2021-10-10 03:15:00,2021-10-10 06:00:00,3.0,2.4,2.6249999999999996,3
2021-10-11 04:30:00,2021-10-11 07:00:00,2.75,2.6,2.7272727272727275,4
2021-10-12 05:45:00,2021-10-12 08:00:00,2.5,2.5,2.7600000000000002,5
2021-10-13 06:15:00,2021-10-13 08:45:00,2.75,2.5,2.809090909090909,6
2021-10-14 07:30:00,2021-10-14 10:30:00,3.25,2.4,2.7461538461538457,7
2021-10-15 08:00:00,2021-10-15 10:45:00,3.0,2.4,2.7416666666666667,8
2021-10-15 22:00:00,2021-10-16 00:00:00,2.25,2.4,2.7,22
2021-10-16 08:45:00,2021-10-16 12:00:00,3.5,2.7,2.914285714285714,8
2021-10-16 22:00:00,2021-10-17 00:30:00,2.75,2.7,2.8181818181818183,22
2021-10-22 02:30:00,2021-10-22 03:30:00,1.25,2.9,3.02,2
2021-10-23 02:30:00,2021-10-23 03:15:00,1.0,2.8,2.875,2
2022-05-02 02:45:00,2022-05-02 05:00:00,2.5,2.5,2.7199999999999998,2
2022-05-03 02:00:00,2022-05-03 05:15:00,3.5,2.1,2.5500000000000003,2
2022-05-04 02:30:00,2022-05-04 06:15:00,4.0,2.3,2.55625,2
2022-05-05 02:45:00,2022-05-05 07:00:00,4.5,2.3,2.533333333333333,2
2022-05-06 03:00:00,2022-05-06 07:45:00,5.0,2.1,2.415,3
2022-05-15 01:30:00,2022-05-15 02:15:00,1.0,2.5,2.8,1
2022-05-16 01:45:00,2022-05-16 03:30:00,2.0,2.5,2.75,1
2022-05-18 04:00:00,2022-05-18 05:00:00,1.25,2.5,2.7,4
2022-05-20 05:30:00,2022-05-20 07:00:00,1.75,2.5,2.6999999999999997,5
2022-05-21 05:15:00,2022-05-21 08:00:00,3.0,2.3,2.6666666666666665,5
2022-05-22 06:00:00,2022-05-22 08:15:00,2.5,2.7,2.85,6
2022-05-23 06:15:00,2022-05-23 09:30:00,3.5,2.5,2.742857142857143,6
2022-05-24 06:30:00,2022-05-24 10:15:00,4.0,2.3,2.55,6
2022-05-24 21:30:00,2022-05-24 22:45:00,1.5,2.5,2.7499999999999996,21
2022-05-25 07:15:00,2022-05-25 10:30:00,3.5,2.4,2.5714285714285716,7
2022-05-25 21:45:00,2022-05-25 23:00:00,1.5,2.6,2.766666666666666,21
2022-05-26 22:45:00,2022-05-27 00:45:00,2.25,2.6,2.811111111111111,22
2022-05-28 00:30:00,2022-05-28 01:30:00,1.25,2.7,2.76,0
2022-05-28 22:15:00,2022-05-29 02:45:00,4.75,1.8,2.2157894736842105,22
2022-05-29 23:00:00,2022-05-30 04:00:00,5.25,2.0,2.271428571428572,23
2022-05-30 23:30:00,2022-05-31 04:15:00,5.0,1.9,2.24,23
2022-06-01 00:00:00,2022-06-01 05:00:00,5.25,1.7,2.1190476190476186,0
2022-06-02 00:30:00,2022-06-02 05:45:00,5.5,1.7,2.109090909090909,0
2022-06-03 01:00:00,2022-06-03 06:30:00,5.75,1.8,2.152173913043478,1
2022-06-04 01:45:00,2022-06-04 07:00:00,5.5,1.6,1.9863636363636359,1
2022-06-05 03:15:00,2022-06-05 08:00:00,5.0,1.8,2.21,3
2022-06-06 04:15:00,2022-06-06 08:45:00,4.75,2.0,2.4,4
2022-06-07 04:30:00,2022-06-07 10:00:00,5.75,1.9,2.304347826086956,4
2022-06-08 04:45:00,2022-06-08 09:45:00,5.25,1.5,2.0142857142857147,4
2022-06-08 20:30:00,2022-06-08 21:45:00,1.5,2.7,2.8166666666666664,20
2022-06-09 05:45:00,2022-06-09 10:00:00,4.5,1.9,2.1500000000000004,5
2022-06-09 18:45:00,2022-06-09 23:15:00,4.75,1.7,2.115789473684211,18
2022-06-10 06:30:00,2022-06-10 11:30:00,5.25,2.1,2.3047619047619046,6
2022-06-10 21:00:00,2022-06-10 23:45:00,3.0,2.2,2.5,21
2022-06-11 07:45:00,2022-06-11 11:15:00,3.75,2.4,2.6,7
2022-06-11 21:30:00,2022-06-12 00:45:00,3.5,2.1,2.400000000000001,21
2022-06-12 08:30:00,2022-06-12 10:30:00,2.25,2.7,2.7777777777777777,8
2022-06-12 22:30:00,2022-06-13 01:45:00,3.5,2.0,2.4857142857142853,22
2022-06-13 22:45:00,2022-06-14 02:45:00,4.25,1.9,2.3058823529411763,22
2022-06-14 23:30:00,2022-06-15 03:45:00,4.5,1.9,2.2444444444444445,23
2022-06-16 01:15:00,2022-06-16 05:00:00,4.0,2.0,2.325,1
2022-06-17 01:30:00,2022-06-17 05:45:00,4.5,2.1,2.3388888888888886,1
2022-06-18 02:15:00,2022-06-18 07:00:00,5.0,2.1,2.29,2
2022-06-19 03:00:00,2022-06-19 07:45:00,5.0,2.1,2.2700000000000005,3
2022-06-20 04:00:00,2022-06-20 09:00:00,5.25,2.1,2.3380952380952382,4
2022-06-21 04:45:00,2022-06-21 09:30:00,5.0,1.9,2.1250000000000004,4
2022-06-22 05:30:00,2022-06-22 10:00:00,4.75,1.9,2.1736842105263157,5
2022-06-22 20:15:00,2022-06-22 23:15:00,3.25,2.5,2.707692307692308,20
2022-06-23 06:30:00,2022-06-23 10:45:00,4.5,1.9,2.2555555555555555,6
2022-06-23 20:15:00,2022-06-23 23:45:00,3.75,2.1,2.486666666666666,20
2022-06-24 07:00:00,2022-06-24 11:15:00,4.5,2.1,2.3722222222222222,7
2022-06-24 21:30:00,2022-06-25 01:15:00,4.0,2.3,2.54375,21
2022-06-25 08:00:00,2022-06-25 12:30:00,4.75,2.1,2.4263157894736844,8
2022-06-25 21:30:00,2022-06-26 02:00:00,4.75,2.0,2.3526315789473684,21
2022-06-26 08:30:00,2022-06-26 12:30:00,4.25,2.4,2.576470588235294,8
2022-06-26 21:45:00,2022-06-27 02:45:00,5.25,1.7,2.1285714285714286,21
2022-06-27 09:30:00,2022-06-27 12:00:00,2.75,2.7,2.7818181818181817,9
2022-06-27 22:15:00,2022-06-28 03:15:00,5.25,1.8,2.1476190476190475,22
2022-06-28 09:45:00,2022-06-28 14:15:00,4.75,1.7,2.1368421052631574,9
2022-06-28 22:45:00,2022-06-29 03:30:00,5.0,2.0,2.21,22
2022-06-29 11:15:00,2022-06-29 13:00:00,2.0,2.5,2.675,11
2022-06-29 23:15:00,2022-06-30 02:45:00,3.75,1.9,2.266666666666667,23
2022-07-01 00:15:00,2022-07-01 05:00:00,5.0,1.9,2.1449999999999996,0
2022-07-02 01:00:00,2022-07-02 02:30:00,1.75,2.7,2.7857142857142856,1
2022-07-03 01:00:00,2022-07-03 06:00:00,5.25,1.4,1.9380952380952383,1
2022-07-04 02:00:00,2022-07-04 06:45:00,5.0,1.3,1.89,2
2022-07-05 02:45:00,2022-07-05 07:30:00,5.0,1.6,1.8800000000000003,2
2022-07-06 03:15:00,2022-07-06 09:00:00,6.0,1.4,1.8083333333333336,3
2022-07-07 04:00:00,2022-07-07 09:30:00,5.75,1.4,2.0043478260869563,4
2022-07-07 17:45:00,2022-07-07 21:30:00,4.0,1.8,2.36875,17
2022-07-08 05:15:00,2022-07-08 09:45:00,4.75,1.4,1.9473684210526316,5
2022-07-08 19:15:00,2022-07-08 22:00:00,3.0,2.0,2.3833333333333333,19
2022-07-09 06:45:00,2022-07-09 11:00:00,4.5,1.5,2.1833333333333336,6
2022-07-09 19:30:00,2022-07-09 23:30:00,4.25,1.8,2.2529411764705887,19
2022-07-10 07:30:00,2022-07-10 12:00:00,4.75,1.8,2.384210526315789,7
2022-07-10 20:30:00,2022-07-11 00:15:00,4.0,2.0,2.3375,20
2022-07-11 07:45:00,2022-07-11 12:15:00,4.75,1.9,2.1789473684210527,7
2022-07-11 22:00:00,2022-07-12 02:00:00,4.25,2.0,2.335294117647059,22
2022-07-12 22:45:00,2022-07-13 02:45:00,4.25,2.1,2.3529411764705883,22
2022-07-13 23:00:00,2022-07-14 03:45:00,5.0,1.8,2.245,23
2022-07-14 23:45:00,2022-07-15 04:45:00,5.25,1.9,2.204761904761905,23
2022-07-16 00:45:00,2022-07-16 05:30:00,5.0,2.1,2.37,0
2022-07-17 01:45:00,2022-07-17 06:15:00,4.75,1.9,2.1789473684210523,1
2022-07-18 02:30:00,2022-07-18 07:15:00,5.0,1.8,2.12,2
2022-07-19 03:00:00,2022-07-19 08:15:00,5.5,1.6,1.9954545454545454,3
2022-07-20 03:45:00,2022-07-20 08:15:00,4.75,1.7,2.0789473684210527,3
2022-07-20 18:15:00,2022-07-20 20:45:00,2.75,2.6,2.7090909090909094,18
2022-07-21 05:15:00,2022-07-21 09:00:00,4.0,1.9,2.2125000000000004,5
2022-07-22 06:45:00,2022-07-22 10:45:00,4.25,1.6,2.217647058823529,6
2022-07-22 20:30:00,2022-07-23 00:00:00,3.75,2.3,2.7266666666666666,20
2022-07-23 07:30:00,2022-07-23 12:15:00,5.0,1.7,2.3400000000000003,7
2022-07-23 20:15:00,2022-07-24 00:30:00,4.5,2.0,2.3611111111111116,20
2022-07-24 08:00:00,2022-07-24 12:30:00,4.75,1.7,2.1789473684210527,8
2022-07-24 20:30:00,2022-07-25 02:00:00,5.75,1.8,2.1652173913043478,20
2022-07-25 08:45:00,2022-07-25 13:30:00,5.0,1.9,2.275,8
2022-07-25 21:00:00,2022-07-26 02:30:00,5.75,1.5,1.956521739130435,21
2022-07-26 10:00:00,2022-07-26 13:15:00,3.5,2.4,2.6714285714285717,10
2022-07-26 21:45:00,2022-07-27 03:00:00,5.5,1.8,2.0818181818181816,21
2022-07-27 11:30:00,2022-07-27 12:45:00,1.5,2.8,2.9,11
2022-07-27 22:15:00,2022-07-28 03:45:00,5.75,1.6,2.0391304347826082,22
2022-07-28 22:45:00,2022-07-29 04:30:00,6.0,1.6,2.0124999999999997,22
2022-07-29 23:15:00,2022-07-30 05:15:00,6.25,1.5,1.964,23
2022-07-31 00:00:00,2022-07-31 05:00:00,5.25,1.6,1.942857142857143,0
2022-08-01 00:30:00,2022-08-01 06:15:00,6.0,1.7,2.0625,0
2022-08-02 01:15:00,2022-08-02 06:45:00,5.75,1.4,1.7956521739130438,1
2022-08-03 01:45:00,2022-08-03 07:00:00,5.5,1.4,1.7454545454545454,1
2022-08-04 02:30:00,2022-08-04 08:15:00,6.0,1.5,1.8333333333333333,2
2022-08-05 03:15:00,2022-08-05 09:00:00,6.0,1.4,1.7833333333333332,3
2022-08-05 19:45:00,2022-08-05 21:30:00,2.0,2.6,2.825,19
2022-08-06 04:15:00,2022-08-06 10:00:00,6.0,1.5,1.8375000000000001,4
2022-08-06 20:15:00,2022-08-06 22:30:00,2.5,2.4,2.6399999999999997,20
2022-08-07 05:15:00,2022-08-07 10:15:00,5.25,1.4,1.8952380952380958,5
2022-08-07 19:15:00,2022-08-08 00:15:00,5.25,1.8,2.2428571428571424,19
2022-08-08 06:30:00,2022-08-08 11:45:00,5.5,1.7,2.045454545454546,6
2022-08-08 20:30:00,2022-08-09 00:45:00,4.5,1.9,2.2833333333333337,20
2022-08-09 07:15:00,2022-08-09 12:15:00,5.25,1.9,2.3333333333333335,7
2022-08-09 21:15:00,2022-08-10 01:30:00,4.5,2.0,2.283333333333333,21
2022-08-10 08:30:00,2022-08-10 12:15:00,4.0,2.4,2.5875,8
2022-08-10 22:00:00,2022-08-11 02:45:00,5.0,2.0,2.32,22
2022-08-11 09:45:00,2022-08-11 13:30:00,4.0,2.7,2.8374999999999995,9
2022-08-11 22:30:00,2022-08-12 03:00:00,4.75,2.1,2.173684210526316,22
2022-08-12 23:45:00,2022-08-13 04:00:00,4.5,2.3,2.45,23
2022-08-14 01:00:00,2022-08-14 05:15:00,4.5,2.1,2.3666666666666667,1
2022-08-15 01:45:00,2022-08-15 05:45:00,4.25,2.0,2.288235294117647,1
2022-08-16 02:15:00,2022-08-16 06:30:00,4.5,2.0,2.288888888888889,2
2022-08-17 02:45:00,2022-08-17 07:30:00,5.0,2.0,2.2050000000000005,2
2022-08-18 03:30:00,2022-08-18 08:15:00,5.0,1.9,2.1800000000000006,3
2022-08-19 04:00:00,2022-08-19 08:30:00,4.75,1.7,2.163157894736842,4
2022-08-20 05:30:00,2022-08-20 09:30:00,4.25,1.5,2.1176470588235294,5
2022-08-21 06:30:00,2022-08-21 11:00:00,4.75,1.7,2.3789473684210525,6
2022-08-21 19:00:00,2022-08-21 23:45:00,5.0,1.9,2.2500000000000004,19
2022-08-22 07:30:00,2022-08-22 11:45:00,4.5,2.0,2.4111111111111114,7
2022-08-22 19:45:00,2022-08-22 23:30:00,4.0,1.7,2.21875,19
2022-08-23 08:30:00,2022-08-23 11:00:00,2.75,2.1,2.272727272727273,8
2022-09-07 08:45:00,2022-09-07 12:00:00,3.5,2.1,2.371428571428571,8
2022-09-07 21:15:00,2022-09-08 01:30:00,4.5,2.1,2.3777777777777778,21
2022-09-08 09:00:00,2022-09-08 13:00:00,4.25,2.7,2.941176470588235,9
2022-09-08 23:00:00,2022-09-09 01:45:00,3.0,2.5,2.6583333333333337,23
2022-09-10 23:45:00,2022-09-11 03:45:00,4.25,2.1,2.3588235294117648,23
2022-09-12 00:00:00,2022-09-12 04:30:00,4.75,1.7,2.294736842105263,0
2022-09-13 00:30:00,2022-09-13 05:15:00,5.0,1.8,2.235,0
2022-09-14 01:00:00,2022-09-14 06:00:00,5.25,1.9,2.238095238095238,1
2022-09-15 02:15:00,2022-09-15 07:00:00,5.0,2.0,2.3200000000000003,2
2022-09-16 03:15:00,2022-09-16 07:45:00,4.75,1.9,2.3578947368421046,3
2022-09-17 04:00:00,2022-09-17 08:45:00,5.0,1.8,2.325,4
2022-09-18 05:30:00,2022-09-18 10:00:00,4.75,1.9,2.452631578947368,5
2022-09-19 06:15:00,2022-09-19 10:00:00,4.0,2.1,2.41875,6
2022-09-19 21:15:00,2022-09-19 22:15:00,1.25,2.6,2.6800000000000006,21
2022-09-20 07:00:00,2022-09-20 11:15:00,4.5,1.8,2.211111111111111,7
2022-09-20 20:30:00,2022-09-20 23:30:00,3.25,2.0,2.5076923076923077,20
2022-09-21 07:30:00,2022-09-21 12:15:00,5.0,1.8,2.245,7
2022-09-21 21:15:00,2022-09-22 01:00:00,4.0,2.0,2.3625000000000003,21
2022-09-22 08:45:00,2022-09-22 12:45:00,4.25,2.3,2.6,8
2022-09-22 21:45:00,2022-09-23 01:45:00,4.25,2.2,2.3647058823529408,21
2022-09-24 00:15:00,2022-09-24 02:45:00,2.75,2.4,2.6636363636363636,0
2022-09-24 23:30:00,2022-09-25 03:00:00,3.75,2.3,2.6333333333333333,23
2022-09-25 23:45:00,2022-09-26 03:45:00,4.25,2.3,2.588235294117647,23
2022-09-27 00:00:00,2022-09-27 04:00:00,4.25,2.1,2.48235294117647,0
2023-04-29 08:15:00,2023-04-29 10:45:00,2.75,2.8,3.027272727272727,8
2023-05-10 04:15:00,2023-05-10 05:45:00,1.75,2.8,2.9,4
2023-05-12 07:15:00,2023-05-12 09:00:00,2.0,2.8,2.9,7
2023-05-14 08:00:00,2023-05-14 10:45:00,3.0,2.6,2.8166666666666664,8
2023-05-17 23:45:00,2023-05-18 02:30:00,3.0,2.4,2.7249999999999996,23
2023-05-20 02:00:00,2023-05-20 04:00:00,2.25,2.4,2.7555555555555555,2
2023-05-21 00:30:00,2023-05-21 04:30:00,4.25,2.2,2.570588235294118,0
2023-05-22 01:15:00,2023-05-22 05:15:00,4.25,2.4,2.670588235294118,1
2023-05-23 04:15:00,2023-05-23 06:30:00,2.5,2.8,2.8899999999999997,4
2023-05-24 05:00:00,2023-05-24 07:00:00,2.25,2.8,2.855555555555555,5
2023-05-25 04:45:00,2023-05-25 08:00:00,3.5,2.6,2.771428571428572,4
2023-05-30 09:15:00,2023-05-30 10:45:00,1.75,2.7,2.814285714285714,9
2023-06-04 02:30:00,2023-06-04 03:15:00,1.0,2.8,2.9499999999999997,2
2023-06-07 03:45:00,2023-06-07 05:30:00,2.0,2.7,2.8625,3
2023-06-09 04:45:00,2023-06-09 07:15:00,2.75,2.4,2.681818181818182,4
2023-06-10 05:15:00,2023-06-10 08:45:00,3.75,2.4,2.6733333333333333,5
2023-06-11 05:30:00,2023-06-11 09:30:00,4.25,2.2,2.452941176470588,5
2023-06-12 06:30:00,2023-06-12 09:45:00,3.5,2.6,2.8,6
2023-06-13 07:00:00,2023-06-13 10:15:00,3.5,2.3,2.485714285714286,7
2023-06-13 22:00:00,2023-06-13 23:45:00,2.0,2.6,2.7625,22
2023-06-14 08:00:00,2023-06-14 11:45:00,4.0,2.5,2.6500000000000004,8
2023-06-16 23:15:00,2023-06-17 03:00:00,4.0,2.2,2.575,23
2023-06-18 00:00:00,2023-06-18 03:45:00,4.0,2.0,2.35625,0
2023-06-19 00:30:00,2023-06-19 04:30:00,4.25,2.0,2.329411764705883,0
2023-06-20 01:30:00,2023-06-20 04:00:00,2.75,2.3,2.6,1
2023-06-21 02:00:00,2023-06-21 05:45:00,4.0,2.2,2.5,2
2023-06-22 02:00:00,2023-06-22 06:30:00,4.75,2.3,2.5315789473684207,2
2023-06-24 03:15:00,2023-06-24 08:00:00,5.0,1.7,2.1550000000000002,3
2023-06-25 03:45:00,2023-06-25 08:45:00,5.25,1.5,2.052380952380952,3
2023-06-26 04:15:00,2023-06-26 10:00:00,6.0,1.5,1.9833333333333332,4
2023-06-27 05:30:00,2023-06-27 09:30:00,4.25,2.0,2.3705882352941177,5
2023-06-28 06:15:00,2023-06-28 11:45:00,5.75,2.0,2.4217391304347826,6
2023-06-28 20:00:00,2023-06-28 23:45:00,4.0,2.3,2.6312499999999996,20
2023-06-29 06:45:00,2023-06-29 12:15:00,5.75,1.9,2.3565217391304345,6
2023-06-29 20:45:00,2023-06-30 00:30:00,4.0,2.0,2.43125,20
2023-06-30 07:30:00,2023-06-30 12:45:00,5.5,2.1,2.4272727272727277,7
2023-06-30 21:45:00,2023-07-01 01:30:00,4.0,2.0,2.4125,21
2023-07-01 08:30:00,2023-07-01 11:30:00,3.25,2.4,2.5230769230769234,8
2023-07-01 22:15:00,2023-07-02 02:15:00,4.25,1.8,2.2235294117647055,22
2023-07-02 23:15:00,2023-07-03 03:00:00,4.0,2.0,2.3,23
2023-07-04 00:00:00,2023-07-04 04:00:00,4.25,1.8,2.2411764705882353,0
2023-07-05 00:15:00,2023-07-05 05:00:00,5.0,1.7,2.1,0
2023-07-06 01:15:00,2023-07-06 05:45:00,4.75,1.8,2.168421052631578,1
2023-07-07 02:00:00,2023-07-07 06:45:00,5.0,1.7,2.0349999999999997,2
2023-07-08 02:30:00,2023-07-08 07:30:00,5.25,1.5,1.9619047619047625,2
2023-07-09 03:15:00,2023-07-09 08:30:00,5.5,1.6,1.9772727272727273,3
2023-07-10 04:15:00,2023-07-10 09:00:00,5.0,1.7,1.955,4
2023-07-10 19:30:00,2023-07-10 22:00:00,2.75,2.5,2.8,19
2023-07-11 05:15:00,2023-07-11 10:15:00,5.25,1.8,2.0142857142857147,5
2023-07-11 20:00:00,2023-07-11 23:15:00,3.5,2.1,2.6214285714285714,20
2023-07-12 05:45:00,2023-07-12 11:30:00,6.0,1.4,1.8375000000000001,5
2023-07-12 20:00:00,2023-07-13 00:00:00,4.25,1.9,2.352941176470588,20
2023-07-13 06:45:00,2023-07-13 12:30:00,6.0,1.6,1.9583333333333333,6
2023-07-13 20:30:00,2023-07-14 01:15:00,5.0,1.8,2.0949999999999998,20
2023-07-14 07:30:00,2023-07-14 13:30:00,6.25,1.7,2.192,7
2023-07-14 21:00:00,2023-07-15 02:15:00,5.5,1.5,1.9954545454545454,21
2023-07-15 08:30:00,2023-07-15 14:00:00,5.75,1.9,2.356521739130435,8
2023-07-15 21:45:00,2023-07-16 03:15:00,5.75,1.4,1.9782608695652173,21
2023-07-16 10:00:00,2023-07-16 13:00:00,3.25,2.1,2.3538461538461535,10
2023-07-16 22:00:00,2023-07-17 04:00:00,6.25,1.4,1.8,22
2023-07-17 11:15:00,2023-07-17 14:45:00,3.75,2.1,2.593333333333333,11
2023-07-17 22:30:00,2023-07-18 04:30:00,6.25,1.3,1.692,22
2023-07-18 12:30:00,2023-07-18 14:30:00,2.25,2.6,2.888888888888889,12
2023-07-18 23:15:00,2023-07-19 05:00:00,6.0,1.4,1.7124999999999997,23
2023-07-19 14:30:00,2023-07-19 15:30:00,1.25,2.7,2.92,14
2023-07-19 23:30:00,2023-07-20 05:30:00,6.25,1.2,1.68,23
2023-07-21 00:15:00,2023-07-21 06:30:00,6.5,1.3,1.7076923076923074,0
2023-07-22 01:00:00,2023-07-22 06:30:00,5.75,1.6,1.9000000000000001,1
2023-07-23 01:45:00,2023-07-23 07:30:00,6.0,1.4,1.9000000000000001,1
2023-07-24 02:15:00,2023-07-24 08:15:00,6.25,1.5,1.9280000000000002,2
2023-07-25 03:00:00,2023-07-25 08:30:00,5.75,1.1,1.6521739130434776,3
2023-07-26 03:45:00,2023-07-26 09:15:00,5.75,1.1,1.6391304347826086,3
2023-07-26 20:15:00,2023-07-26 21:00:00,1.0,2.6,2.8,20
2023-07-27 05:00:00,2023-07-27 11:00:00,6.25,1.2,1.7480000000000002,5
2023-07-27 19:30:00,2023-07-27 22:45:00,3.5,2.3,2.5785714285714283,19
2023-07-28 06:15:00,2023-07-28 12:00:00,6.0,1.3,1.7416666666666665,6
2023-07-28 19:45:00,2023-07-29 00:15:00,4.75,2.0,2.2578947368421054,19
2023-07-29 07:00:00,2023-07-29 12:15:00,5.5,1.8,2.1818181818181817,7
2023-07-29 19:45:00,2023-07-30 00:45:00,5.25,1.5,1.9857142857142855,19
2023-07-30 08:15:00,2023-07-30 12:15:00,4.25,2.0,2.3000000000000003,8
2023-07-30 21:45:00,2023-07-31 02:00:00,4.5,2.1,2.4055555555555554,21
2023-07-31 08:30:00,2023-07-31 13:15:00,5.0,2.2,2.355,8
2023-08-01 23:30:00,2023-08-02 03:45:00,4.5,1.8,2.1277777777777778,23
2023-08-03 01:00:00,2023-08-03 04:45:00,4.0,2.0,2.2875,1
2023-08-04 01:15:00,2023-08-04 05:30:00,4.5,2.1,2.355555555555556,1
2023-08-04 16:30:00,2023-08-04 17:15:00,1.0,2.6,2.775,16
2023-08-05 01:15:00,2023-08-05 06:15:00,5.25,1.7,2.1666666666666665,1
2023-08-06 02:00:00,2023-08-06 07:00:00,5.25,1.3,1.8190476190476192,2
2023-08-07 02:45:00,2023-08-07 07:45:00,5.25,1.3,1.7619047619047619,2
2023-08-08 03:45:00,2023-08-08 07:45:00,4.25,1.2,1.5588235294117645,3
2023-08-09 04:30:00,2023-08-09 10:15:00,6.0,1.5,2.1625,4
2023-08-09 19:15:00,2023-08-09 22:30:00,3.5,2.0,2.6142857142857148,19
2023-08-10 06:00:00,2023-08-10 10:45:00,5.0,1.5,1.9900000000000002,6
2023-08-10 19:30:00,2023-08-11 00:00:00,4.75,1.9,2.1842105263157894,19
2023-08-11 07:30:00,2023-08-11 11:15:00,4.0,1.7,1.9937500000000001,7
2023-08-11 19:30:00,2023-08-12 00:00:00,4.75,1.6,1.9684210526315793,19
2023-08-12 08:00:00,2023-08-12 11:45:00,4.0,1.8,2.15625,8
2023-08-12 20:15:00,2023-08-13 01:45:00,5.75,1.4,1.8565217391304345,20
2023-08-13 08:45:00,2023-08-13 13:00:00,4.5,1.9,2.216666666666667,8
2023-08-13 21:00:00,2023-08-14 02:45:00,6.0,1.0,1.7166666666666668,21
2023-08-14 09:30:00,2023-08-14 13:45:00,4.5,2.1,2.7055555555555557,9
2023-08-14 21:45:00,2023-08-15 03:30:00,6.0,1.2,1.7125000000000001,21
2023-08-15 10:15:00,2023-08-15 13:45:00,3.75,2.2,2.7800000000000002,10
2023-08-15 22:15:00,2023-08-16 03:45:00,5.75,1.3,1.8521739130434782,22
2023-08-17 00:15:00,2023-08-17 03:45:00,3.75,2.2,2.4399999999999995,0
2023-08-17 23:30:00,2023-08-18 04:45:00,5.5,1.5,1.9363636363636365,23
2023-08-18 23:45:00,2023-08-19 05:30:00,6.0,1.1,1.6083333333333334,23
2023-08-20 00:30:00,2023-08-20 06:15:00,6.0,1.1,1.6833333333333336,0
2023-08-21 01:00:00,2023-08-21 07:00:00,6.25,1.0,1.528,1
2023-08-22 01:45:00,2023-08-22 07:45:00,6.25,1.1,1.8079999999999998,1
2023-08-23 02:30:00,2023-08-23 06:45:00,4.5,1.2,1.7999999999999998,2
2023-08-24 03:45:00,2023-08-24 09:15:00,5.75,1.2,1.739130434782609,3
2023-08-25 04:15:00,2023-08-25 10:15:00,6.25,1.1,1.6639999999999997,4
2023-08-25 19:15:00,2023-08-25 23:00:00,4.0,2.1,2.425,19
2023-08-26 05:15:00,2023-08-26 11:15:00,6.25,1.1,1.716,5
2023-08-26 19:30:00,2023-08-26 23:45:00,4.5,1.7,2.155555555555556,19
2023-08-27 06:15:00,2023-08-27 11:30:00,5.5,1.1,1.7272727272727273,6
2023-08-27 20:00:00,2023-08-28 00:45:00,5.0,1.3,1.9850000000000005,20
2023-08-28 07:15:00,2023-08-28 12:30:00,5.5,1.7,2.122727272727273,7
2023-08-28 21:15:00,2023-08-29 01:30:00,4.5,1.4,1.9944444444444445,21
2023-08-29 08:15:00,2023-08-29 13:30:00,5.5,1.7,2.1136363636363633,8
2023-08-29 22:15:00,2023-08-30 03:00:00,5.0,1.8,2.3210526315789473,22
2023-09-01 00:00:00,2023-09-01 03:45:00,4.0,1.5,2.2125000000000004,0
2023-09-02 01:15:00,2023-09-02 05:00:00,4.0,1.5,2.21875,1
2023-09-03 01:30:00,2023-09-03 05:45:00,4.5,1.5,2.0166666666666666,1
2023-09-04 02:00:00,2023-09-04 07:15:00,5.5,1.3,1.9318181818181819,2
2023-09-05 02:30:00,2023-09-05 08:30:00,6.25,1.2,1.7760000000000002,2
2023-09-06 03:00:00,2023-09-06 09:15:00,6.5,1.2,1.7807692307692309,3
2023-09-07 03:45:00,2023-09-07 09:30:00,6.0,1.0,1.7291666666666667,3
2023-09-07 19:15:00,2023-09-07 21:30:00,2.5,2.0,2.3699999999999997,19
2023-09-08 05:00:00,2023-09-08 10:30:00,5.75,1.2,1.9043478260869564,5
2023-09-08 19:00:00,2023-09-08 22:15:00,3.5,2.1,2.4428571428571426,19
2023-09-09 06:15:00,2023-09-09 11:15:00,5.25,1.2,1.676190476190476,6
2023-09-09 19:15:00,2023-09-09 23:45:00,4.75,1.3,2.031578947368421,19
2023-09-10 06:45:00,2023-09-10 12:30:00,6.0,1.0,1.6833333333333336,6
2023-09-10 19:45:00,2023-09-11 01:00:00,5.5,1.5,1.8727272727272728,19
2023-09-11 07:45:00,2023-09-11 12:45:00,5.25,1.1,1.8523809523809522,7
2023-09-11 20:45:00,2023-09-12 01:30:00,5.0,1.1,1.8349999999999997,20
2023-09-12 08:30:00,2023-09-12 14:00:00,5.75,1.8,2.2782608695652176,8
2023-09-12 21:30:00,2023-09-13 00:45:00,3.5,1.5,1.9000000000000001,21
2023-09-13 22:30:00,2023-09-14 02:45:00,4.5,1.6,2.2,22
2023-09-14 23:15:00,2023-09-15 03:30:00,4.5,1.9,2.2055555555555553,23
2023-09-16 00:00:00,2023-09-16 04:15:00,4.5,1.5,2.105555555555556,0
2023-09-17 00:00:00,2023-09-17 04:45:00,5.0,1.3,1.9600000000000002,0
2023-09-18 00:30:00,2023-09-18 05:00:00,4.75,1.6,2.089473684210526,0
2023-09-19 01:00:00,2023-09-19 05:45:00,5.0,1.2,1.905,1
2023-09-20 01:45:00,2023-09-20 06:45:00,5.25,1.4,2.0095238095238095,1
2023-09-21 03:00:00,2023-09-21 07:45:00,5.0,1.7,2.1799999999999997,3
2023-09-22 04:30:00,2023-09-22 08:00:00,3.75,1.6,2.2800000000000002,4
2023-09-23 06:00:00,2023-09-23 09:00:00,3.25,2.1,2.4846153846153842,6
2023-09-23 21:15:00,2023-09-23 22:15:00,1.25,2.4,3.02,21
2023-09-24 06:15:00,2023-09-24 10:15:00,4.25,1.3,2.0294117647058822,6
2023-09-24 20:30:00,2023-09-24 23:00:00,2.75,1.5,2.2636363636363632,20
2023-09-25 07:15:00,2023-09-25 11:00:00,4.0,1.3,2.0875,7
2023-09-25 21:15:00,2023-09-26 00:00:00,3.0,1.2,2.191666666666667,21
2023-09-26 08:15:00,2023-09-26 12:15:00,4.25,2.0,2.3352941176470585,8
2023-09-26 22:00:00,2023-09-27 01:15:00,3.5,2.2,2.5928571428571425,22
2023-09-28 01:00:00,2023-09-28 02:00:00,1.25,2.6,2.84,1
2023-09-29 01:30:00,2023-09-29 02:30:00,1.25,2.5,2.7800000000000002,1
2023-09-30 00:45:00,2023-09-30 03:15:00,2.75,2.3,2.6636363636363636,0
2023-10-01 01:30:00,2023-10-01 04:15:00,3.0,2.3,2.6166666666666667,1
2023-10-02 02:30:00,2023-10-02 05:00:00,2.75,2.1,2.5,2
2023-10-03 03:00:00,2023-10-03 06:00:00,3.25,2.1,2.515384615384615,3
2023-10-04 03:30:00,2023-10-04 07:00:00,3.75,2.1,2.533333333333333,3
2023-10-05 04:15:00,2023-10-05 07:45:00,3.75,2.0,2.433333333333333,4
2023-10-06 04:45:00,2023-10-06 09:15:00,4.75,1.9,2.4894736842105263,4
2023-10-07 05:45:00,2023-10-07 09:45:00,4.25,1.7,2.1999999999999997,5
2023-10-08 07:45:00,2023-10-08 11:00:00,3.5,2.3,2.5714285714285716,7
2023-10-09 09:15:00,2023-10-09 11:15:00,2.25,2.7,2.877777777777778,9
2023-10-10 10:30:00,2023-10-10 12:00:00,1.75,2.9,2.9857142857142853,10
2023-10-10 23:00:00,2023-10-11 00:45:00,2.0,2.6,2.925,23
2023-10-11 10:15:00,2023-10-11 12:45:00,2.75,2.6,2.8090909090909086,10
2023-10-11 23:00:00,2023-10-12 01:45:00,3.0,2.6,2.7583333333333333,23
2023-10-28 00:45:00,2023-10-28 01:30:00,1.0,2.4,2.675,0
2023-10-29 01:30:00,2023-10-29 02:30:00,1.25,2.1,2.5,1
2023-10-30 02:00:00,2023-10-30 03:00:00,1.25,2.1,2.46,2
2023-10-31 02:15:00,2023-10-31 03:45:00,1.75,2.4,2.557142857142857,2
2023-11-10 11:15:00,2023-11-10 12:30:00,1.5,2.6,3.033333333333333,11
2023-11-10 23:15:00,2023-11-11 00:30:00,1.5,2.8,2.8833333333333333,23
2024-04-19 23:15:00,2024-04-20 00:00:00,1.0,2.7,2.8249999999999997,23
2024-04-20 23:45:00,2024-04-21 01:45:00,2.25,2.4,2.7222222222222223,23
2024-04-29 05:45:00,2024-04-29 07:45:00,2.25,2.8,2.9,5
2024-04-30 06:30:00,2024-04-30 08:30:00,2.25,2.5,2.7222222222222223,6
2024-05-02 07:00:00,2024-05-02 10:15:00,3.5,2.1,2.5214285714285714,7
2024-05-03 07:45:00,2024-05-03 11:00:00,3.5,1.9,2.4214285714285713,7
2024-05-03 21:45:00,2024-05-03 23:45:00,2.25,2.5,2.677777777777778,21
2024-05-04 10:30:00,2024-05-04 12:00:00,1.75,2.6,2.757142857142857,10
2024-05-04 22:45:00,2024-05-05 00:45:00,2.25,2.0,2.4222222222222225,22
2024-05-05 23:15:00,2024-05-06 01:45:00,2.75,1.8,2.290909090909091,23
2024-05-07 00:15:00,2024-05-07 02:30:00,2.5,1.9,2.46,0
2024-05-08 00:15:00,2024-05-08 03:15:00,3.25,1.8,2.4846153846153842,0
2024-05-09 01:15:00,2024-05-09 04:15:00,3.25,2.2,2.676923076923077,1
2024-05-12 04:30:00,2024-05-12 07:00:00,2.75,2.3,2.6545454545454548,4
2024-05-13 04:30:00,2024-05-13 08:15:00,4.0,2.0,2.475,4
2024-05-14 06:15:00,2024-05-14 07:30:00,1.5,2.1,2.65,6
2024-05-15 05:30:00,2024-05-15 08:45:00,3.5,2.4,2.614285714285714,5
2024-05-16 06:30:00,2024-05-16 09:30:00,3.25,1.9,2.5384615384615383,6
2024-05-17 06:45:00,2024-05-17 11:15:00,4.75,1.5,2.136842105263158,6
2024-05-17 21:00:00,2024-05-17 22:45:00,2.0,2.1,2.5625,21
2024-05-18 07:45:00,2024-05-18 11:45:00,4.25,2.0,2.488235294117647,7
2024-05-18 21:30:00,2024-05-18 23:15:00,2.0,2.5,2.6500000000000004,21
2024-05-19 09:00:00,2024-05-19 11:45:00,3.0,2.2,2.733333333333333,9
2024-05-21 00:30:00,2024-05-21 01:45:00,1.5,2.1,2.65,0
2024-05-22 00:00:00,2024-05-22 02:30:00,2.75,2.0,2.381818181818182,0
2024-05-22 23:45:00,2024-05-23 03:15:00,3.75,1.7,2.2733333333333334,23
2024-05-24 00:15:00,2024-05-24 04:00:00,4.0,1.7,2.33125,0
2024-05-25 00:30:00,2024-05-25 03:15:00,3.0,1.8,2.2000000000000006,0
2024-05-26 01:15:00,2024-05-26 05:15:00,4.25,1.5,2.1470588235294112,1
2024-05-27 02:00:00,2024-05-27 06:15:00,4.5,1.4,2.122222222222222,2
2024-05-28 02:30:00,2024-05-28 07:00:00,4.75,1.5,2.068421052631579,2
2024-05-29 03:30:00,2024-05-29 08:00:00,4.75,1.3,1.9210526315789478,3
2024-05-30 04:30:00,2024-05-30 08:45:00,4.5,1.8,2.2444444444444445,4
2024-05-31 05:45:00,2024-05-31 09:30:00,4.0,2.1,2.46875,5
2024-05-31 20:45:00,2024-05-31 21:30:00,1.0,2.8,2.9749999999999996,20
2024-06-01 07:00:00,2024-06-01 10:45:00,4.0,2.3,2.69375,7
2024-06-01 21:15:00,2024-06-01 23:15:00,2.25,2.5,2.8444444444444446,21
2024-06-02 08:00:00,2024-06-02 11:00:00,3.25,2.4,2.676923076923077,8
2024-06-02 22:15:00,2024-06-03 00:30:00,2.5,2.5,2.8199999999999994,22
2024-06-03 08:30:00,2024-06-03 12:00:00,3.75,2.3,2.6666666666666665,8
2024-06-03 22:30:00,2024-06-04 01:15:00,3.0,2.2,2.591666666666667,22
2024-06-04 09:45:00,2024-06-04 12:30:00,3.0,2.6,2.9250000000000003,9
2024-06-04 23:00:00,2024-06-05 02:15:00,3.5,2.1,2.5785714285714287,23
2024-06-05 23:45:00,2024-06-06 03:00:00,3.5,2.2,2.564285714285714,23
2024-06-07 00:00:00,2024-06-07 03:30:00,3.75,2.1,2.5466666666666664,0
2024-06-08 00:15:00,2024-06-08 04:45:00,4.75,1.5,2.0526315789473686,0
2024-06-09 01:15:00,2024-06-09 05:30:00,4.5,1.4,1.9388888888888889,1
2024-06-10 01:30:00,2024-06-10 06:15:00,5.0,1.5,1.9599999999999997,1
2024-06-11 02:15:00,2024-06-11 06:30:00,4.5,1.6,2.0166666666666666,2
2024-06-12 03:00:00,2024-06-12 08:00:00,5.25,1.5,1.9904761904761903,3
2024-06-13 04:00:00,2024-06-13 08:45:00,5.0,1.4,1.89,4
2024-06-14 04:45:00,2024-06-14 09:30:00,5.0,1.6,2.04,4
2024-06-15 05:00:00,2024-06-15 10:30:00,5.75,1.4,1.9086956521739133,5
2024-06-15 20:00:00,2024-06-15 22:15:00,2.5,2.4,2.7499999999999996,20
2024-06-16 06:15:00,2024-06-16 11:45:00,5.75,1.5,1.9130434782608696,6
2024-06-16 19:45:00,2024-06-16 23:00:00,3.5,1.7,2.2285714285714286,19
2024-06-17 06:45:00,2024-06-17 11:30:00,5.0,1.7,2.1899999999999995,6
2024-06-17 21:00:00,2024-06-18 00:45:00,4.0,1.9,2.3625,21
2024-06-18 07:45:00,2024-06-18 11:00:00,3.5,2.2,2.5142857142857133,7
2024-06-18 22:00:00,2024-06-19 01:30:00,3.75,1.9,2.3800000000000003,22
2024-06-19 08:45:00,2024-06-19 12:00:00,3.5,2.4,2.7214285714285715,8
2024-06-19 22:30:00,2024-06-20 02:30:00,4.25,1.9,2.3058823529411767,22
2024-06-20 10:15:00,2024-06-20 11:30:00,1.5,2.8,2.8666666666666667,10
2024-06-20 23:15:00,2024-06-21 03:15:00,4.25,1.7,2.2764705882352945,23
2024-06-21 23:45:00,2024-06-22 03:15:00,3.75,1.8,2.213333333333333,23
2024-06-23 00:00:00,2024-06-23 04:15:00,4.5,1.8,2.1888888888888887,0
2024-06-24 00:45:00,2024-06-24 05:00:00,4.5,1.6,2.0166666666666666,0
2024-06-25 01:30:00,2024-06-25 05:30:00,4.25,1.8,2.1705882352941175,1
2024-06-26 02:15:00,2024-06-26 06:45:00,4.75,1.7,2.031578947368421,2
2024-06-27 03:00:00,2024-06-27 07:30:00,4.75,1.6,2.0473684210526315,3
2024-06-28 03:45:00,2024-06-28 08:15:00,4.75,1.5,1.9842105263157892,3
2024-06-29 04:30:00,2024-06-29 09:00:00,4.75,1.6,1.952631578947368,4
2024-06-29 19:15:00,2024-06-29 21:45:00,2.75,2.4,2.590909090909091,19
2024-06-30 05:00:00,2024-06-30 10:00:00,5.25,1.3,1.8476190476190475,5
2024-06-30 19:45:00,2024-06-30 23:00:00,3.5,1.9,2.492857142857143,19
2024-07-01 06:00:00,2024-07-01 10:45:00,5.0,1.4,2.02,6
2024-07-01 20:30:00,2024-07-01 21:15:00,1.0,2.8,2.85,20
2024-07-01 23:00:00,2024-07-01 23:45:00,1.0,2.6,3.3,23
2024-07-02 07:15:00,2024-07-02 09:45:00,2.75,2.3,2.4636363636363634,7
2024-07-02 21:30:00,2024-07-03 00:45:00,3.5,1.8,2.2571428571428576,21
2024-07-03 08:15:00,2024-07-03 12:45:00,4.75,2.0,2.4,8
2024-07-03 22:00:00,2024-07-04 02:00:00,4.25,1.5,2.070588235294118,22
2024-07-04 09:00:00,2024-07-04 13:45:00,5.0,2.0,2.38,9
2024-07-04 22:30:00,2024-07-05 03:00:00,4.75,1.3,1.9000000000000001,22
2024-07-05 10:30:00,2024-07-05 14:00:00,3.75,2.4,2.666666666666667,10
2024-07-05 23:15:00,2024-07-06 04:00:00,5.0,1.2,1.9249999999999996,23
2024-07-06 13:15:00,2024-07-06 14:00:00,1.0,2.7,2.8,13
2024-07-06 23:30:00,2024-07-07 04:30:00,5.25,1.4,1.8333333333333333,23
2024-07-07 13:30:00,2024-07-07 15:15:00,2.0,2.6,2.9875,13
2024-07-08 00:00:00,2024-07-08 05:15:00,5.5,1.1,1.7136363636363638,0
2024-07-08 14:15:00,2024-07-08 16:00:00,2.0,2.4,2.6875,14
2024-07-09 00:30:00,2024-07-09 05:45:00,5.5,1.1,1.75,0
2024-07-10 01:15:00,2024-07-10 06:15:00,5.25,1.0,1.5666666666666669,1
2024-07-11 01:45:00,2024-07-11 07:15:00,5.75,0.9,1.565217391304348,1
2024-07-12 02:45:00,2024-07-12 07:45:00,5.25,1.3,1.6095238095238094,2
2024-07-12 16:45:00,2024-07-12 20:00:00,3.5,1.7,2.257142857142857,16
2024-07-13 03:45:00,2024-07-13 08:15:00,4.75,1.0,1.563157894736842,3
2024-07-13 18:15:00,2024-07-13 20:00:00,2.0,2.2,2.5625,18
2024-07-14 05:00:00,2024-07-14 08:45:00,4.0,0.8,1.56875,5
2024-07-14 20:00:00,2024-07-14 20:45:00,1.0,2.8,2.9000000000000004,20
2024-07-15 06:00:00,2024-07-15 09:15:00,3.5,1.2,1.8928571428571423,6
2024-07-15 18:45:00,2024-07-15 22:30:00,4.0,1.3,2.06875,18
2024-07-16 06:30:00,2024-07-16 11:00:00,4.75,1.0,1.673684210526316,6
2024-07-16 19:30:00,2024-07-17 00:30:00,5.25,1.4,2.0857142857142854,19
2024-07-17 07:30:00,2024-07-17 11:30:00,4.25,1.5,2.2058823529411766,7
2024-07-17 20:00:00,2024-07-18 00:45:00,5.0,1.5,1.9899999999999998,20
2024-07-18 08:15:00,2024-07-18 12:45:00,4.75,1.6,2.126315789473684,8
2024-07-18 21:00:00,2024-07-19 01:45:00,5.0,1.4,1.9949999999999997,21
2024-07-19 09:00:00,2024-07-19 12:15:00,3.5,2.0,2.2642857142857147,9
2024-07-19 21:45:00,2024-07-20 02:00:00,4.5,1.6,2.088888888888889,21
2024-07-20 09:15:00,2024-07-20 13:30:00,4.5,2.1,2.3777777777777778,9
2024-07-20 22:45:00,2024-07-21 02:15:00,3.75,1.8,2.226666666666667,22
2024-07-21 11:00:00,2024-07-21 14:15:00,3.5,2.5,2.7428571428571433,11
2024-07-21 23:30:00,2024-07-22 03:30:00,4.25,1.7,2.1999999999999993,23
2024-07-23 00:15:00,2024-07-23 04:45:00,4.75,1.3,1.9631578947368415,0
2024-07-24 01:00:00,2024-07-24 05:30:00,4.75,1.5,2.1,1
2024-07-25 03:00:00,2024-07-25 06:00:00,3.25,2.0,2.4153846153846157,3
2024-07-26 02:15:00,2024-07-26 07:00:00,5.0,1.5,1.9799999999999998,2
2024-07-27 02:45:00,2024-07-27 07:30:00,5.0,1.0,1.7450000000000003,2
2024-07-28 04:15:00,2024-07-28 09:15:00,5.25,0.8,1.7523809523809522,4
2024-07-28 20:00:00,2024-07-28 21:45:00,2.0,1.9,2.425,20
2024-07-29 05:00:00,2024-07-29 10:15:00,5.5,0.9,1.5363636363636366,5
2024-07-29 19:30:00,2024-07-29 23:00:00,3.75,1.5,2.173333333333333,19
2024-07-30 05:30:00,2024-07-30 11:00:00,5.75,0.9,1.7173913043478264,5
2024-07-30 20:00:00,2024-07-31 00:00:00,4.25,1.4,1.9000000000000004,20
2024-07-31 06:45:00,2024-07-31 11:30:00,5.0,1.2,1.725,6
2024-07-31 20:30:00,2024-08-01 00:45:00,4.5,1.1,1.8333333333333333,20
2024-08-01 07:45:00,2024-08-01 12:15:00,4.75,1.6,2.2210526315789476,7
2024-08-01 21:15:00,2024-08-02 01:45:00,4.75,1.3,1.8736842105263158,21
2024-08-02 08:45:00,2024-08-02 13:00:00,4.5,2.0,2.405555555555556,8
2024-08-02 21:45:00,2024-08-03 03:00:00,5.5,1.4,1.845454545454546,21
2024-08-03 10:15:00,2024-08-03 13:45:00,3.75,2.3,2.6866666666666665,10
2024-08-03 23:00:00,2024-08-04 03:00:00,4.25,1.5,2.1647058823529415,23
2024-08-04 11:00:00,2024-08-04 14:45:00,4.0,1.7,2.1,11
2024-08-04 23:15:00,2024-08-05 03:30:00,4.5,1.8,2.183333333333333,23
2024-08-07 02:15:00,2024-08-07 04:45:00,2.75,2.7,2.8636363636363638,2
2024-08-07 15:15:00,2024-08-07 16:30:00,1.5,2.8,2.9,15
2024-08-09 01:45:00,2024-08-09 07:00:00,5.5,1.2,1.8,1
2024-08-10 02:15:00,2024-08-10 08:15:00,6.25,1.3,1.8880000000000001,2
2024-08-11 03:30:00,2024-08-11 08:45:00,5.5,1.1,1.6681818181818187,3
2024-08-12 03:45:00,2024-08-12 06:30:00,3.0,1.9,2.6666666666666665,3
2024-08-13 04:15:00,2024-08-13 10:00:00,6.0,1.9,2.579166666666666,4
2024-08-13 18:00:00,2024-08-13 20:30:00,2.75,2.1,2.690909090909091,18
2024-08-14 04:45:00,2024-08-14 11:15:00,6.75,2.2,2.6481481481481484,4
2024-08-14 19:00:00,2024-08-14 23:45:00,5.0,2.0,2.59,19
2024-08-15 05:30:00,2024-08-15 12:00:00,6.75,1.0,1.7814814814814814,5
2024-08-15 19:45:00,2024-08-16 00:30:00,5.0,1.7,2.225,19
2024-08-16 06:45:00,2024-08-16 13:30:00,7.0,1.1,1.9857142857142855,6
2024-08-16 20:45:00,2024-08-17 02:45:00,6.25,1.3,2.1079999999999997,20
2024-08-17 08:00:00,2024-08-17 14:30:00,6.75,1.1,1.9,8
2024-08-17 21:30:00,2024-08-18 03:45:00,6.5,1.1,1.8923076923076925,21
2024-08-18 08:45:00,2024-08-18 15:30:00,7.0,1.1,1.9714285714285715,8
2024-08-18 22:30:00,2024-08-19 04:00:00,5.75,0.9,2.0782608695652174,22
2024-08-19 10:15:00,2024-08-19 15:30:00,5.5,1.5,2.2954545454545454,10
2024-08-19 23:15:00,2024-08-20 05:30:00,6.5,0.9,2.119230769230769,23
2024-08-20 13:45:00,2024-08-20 17:00:00,3.5,1.9,2.7214285714285715,13
2024-08-21 00:15:00,2024-08-21 05:00:00,5.0,1.3,2.3300000000000005,0
2024-08-22 01:30:00,2024-08-22 05:30:00,4.25,1.4,2.0588235294117645,1
2024-08-23 02:15:00,2024-08-23 06:00:00,4.0,1.8,2.3062500000000004,2
2024-08-24 03:00:00,2024-08-24 07:30:00,4.75,1.9,2.331578947368421,3
2024-08-25 03:30:00,2024-08-25 08:30:00,5.25,1.4,2.1142857142857143,3
2024-08-25 18:30:00,2024-08-25 20:45:00,2.5,1.9,2.3000000000000003,18
2024-08-26 04:00:00,2024-08-26 09:30:00,5.75,1.0,1.7347826086956524,4
2024-08-26 19:15:00,2024-08-26 21:30:00,2.5,1.5,2.1599999999999997,19
2024-08-27 04:30:00,2024-08-27 10:15:00,6.0,0.7,1.575,4
2024-08-27 19:00:00,2024-08-27 22:15:00,3.5,1.6,2.242857142857143,19
2024-08-28 05:45:00,2024-08-28 11:15:00,5.75,0.8,1.608695652173913,5
2024-08-28 19:30:00,2024-08-29 00:00:00,4.75,1.1,1.8368421052631578,19
2024-08-29 06:45:00,2024-08-29 12:30:00,6.0,0.6,1.4083333333333334,6
2024-08-29 20:00:00,2024-08-30 01:15:00,5.5,0.7,1.6045454545454545,20
2024-08-30 07:30:00,2024-08-30 13:00:00,5.75,0.6,1.4391304347826084,7
2024-08-30 20:45:00,2024-08-31 01:45:00,5.25,0.6,1.4142857142857141,20
2024-08-31 08:15:00,2024-08-31 13:45:00,5.75,0.8,1.4956521739130435,8
2024-08-31 21:45:00,2024-09-01 02:30:00,5.0,0.6,1.45,21
2024-09-01 09:30:00,2024-09-01 14:30:00,5.25,1.2,1.8857142857142857,9
2024-09-01 22:15:00,2024-09-02 03:30:00,5.5,0.5,1.5045454545454542,22
2024-09-02 10:15:00,2024-09-02 15:15:00,5.25,0.1,2.185714285714286,10
2024-09-02 22:45:00,2024-09-03 03:30:00,5.0,1.1,1.9899999999999998,22
2024-09-03 14:00:00,2024-09-03 15:00:00,1.25,2.4,2.72,14
2024-09-04 00:30:00,2024-09-04 04:15:00,4.0,1.2,1.975,0
2024-09-05 01:30:00,2024-09-05 05:00:00,3.75,1.1,2.0733333333333333,1
2024-09-05 15:45:00,2024-09-05 16:30:00,1.0,2.6,2.975,15
2024-09-06 01:30:00,2024-09-06 05:15:00,4.0,1.1,2.10625,1
2024-09-06 16:30:00,2024-09-06 17:30:00,1.25,2.6,3.02,16
2024-09-07 02:00:00,2024-09-07 06:00:00,4.25,1.4,2.0823529411764703,2
2024-09-08 02:00:00,2024-09-08 06:30:00,4.75,1.2,1.8052631578947371,2
2024-09-08 17:15:00,2024-09-08 18:15:00,1.25,2.7,2.8,17
2024-09-09 03:00:00,2024-09-09 07:15:00,4.5,1.3,2.122222222222222,3
2024-09-10 04:15:00,2024-09-10 08:15:00,4.25,1.7,2.3000000000000003,4
2024-09-11 04:45:00,2024-09-11 08:45:00,4.25,1.6,2.2058823529411766,4
2024-09-12 06:00:00,2024-09-12 09:30:00,3.75,1.9,2.4133333333333336,6
2024-09-13 06:45:00,2024-09-13 11:00:00,4.5,1.8,2.3388888888888886,6
2024-09-13 20:45:00,2024-09-13 23:00:00,2.5,1.9,2.38,20
2024-09-14 07:45:00,2024-09-14 11:15:00,3.75,2.3,2.4799999999999995,7
2024-09-14 22:45:00,2024-09-15 00:30:00,2.0,1.9,2.45,22
2024-09-15 10:00:00,2024-09-15 12:00:00,2.25,2.7,2.9444444444444446,10
2024-09-16 00:00:00,2024-09-16 01:45:00,2.0,1.9,2.5374999999999996,0
2024-09-17 00:30:00,2024-09-17 02:15:00,2.0,2.1,2.55,0
2024-09-18 00:30:00,2024-09-18 02:45:00,2.5,1.7,2.4699999999999998,0
2024-09-19 00:45:00,2024-09-19 03:30:00,3.0,1.1,2.3000000000000003,0
2024-09-20 01:30:00,2024-09-20 04:15:00,3.0,1.4,2.266666666666667,1
2024-09-21 02:15:00,2024-09-21 05:15:00,3.25,1.4,2.2384615384615385,2
2024-09-22 02:45:00,2024-09-22 06:15:00,3.75,1.6,2.12,2
2024-09-23 03:00:00,2024-09-23 07:00:00,4.25,0.9,1.9235294117647057,3
2024-09-24 04:00:00,2024-09-24 08:15:00,4.5,1.0,1.772222222222222,4
2024-09-24 19:15:00,2024-09-24 20:15:00,1.25,2.0,2.62,19
2024-09-25 05:00:00,2024-09-25 09:15:00,4.5,0.8,1.7999999999999998,5
2024-09-25 20:00:00,2024-09-25 21:30:00,1.75,1.9,2.3142857142857145,20
2024-09-26 06:15:00,2024-09-26 10:15:00,4.25,1.2,2.023529411764706,6
2024-09-26 20:30:00,2024-09-26 21:45:00,1.5,2.4,2.783333333333333,20
2024-09-27 21:00:00,2024-09-28 00:30:00,3.75,1.5,2.1666666666666665,21
2024-09-28 08:00:00,2024-09-28 12:30:00,4.75,1.2,1.9473684210526319,8
2024-09-28 21:15:00,2024-09-29 01:00:00,4.0,1.2,2.06875,21
2024-09-29 09:00:00,2024-09-29 12:45:00,4.0,1.6,2.1875,9
2024-09-29 22:00:00,2024-09-30 01:30:00,3.75,1.0,1.8199999999999996,22
2024-09-30 10:45:00,2024-09-30 13:15:00,2.75,1.5,2.227272727272727,10
2024-09-30 22:30:00,2024-10-01 02:15:00,4.0,0.9,1.76875,22
2024-10-01 12:30:00,2024-10-01 13:45:00,1.5,1.9,2.433333333333333,12
2024-10-01 22:45:00,2024-10-02 03:00:00,4.5,1.5,2.0500000000000003,22
2024-10-02 23:45:00,2024-10-03 03:30:00,4.0,1.4,2.1125,23
2024-10-04 00:30:00,2024-10-04 03:45:00,3.5,1.2,2.185714285714286,0
2024-10-05 00:45:00,2024-10-05 04:30:00,4.0,1.5,2.125,0
2024-10-06 01:15:00,2024-10-06 05:00:00,4.0,1.4,2.0687499999999996,1
2024-10-07 01:45:00,2024-10-07 05:45:00,4.25,1.8,2.3000000000000003,1
2024-10-08 02:30:00,2024-10-08 07:15:00,5.0,1.6,2.33,2
2024-10-09 03:45:00,2024-10-09 08:00:00,4.5,1.5,2.2555555555555555,3
2024-10-13 09:30:00,2024-10-13 10:30:00,1.25,2.6,2.82,9
2024-10-13 22:45:00,2024-10-13 23:45:00,1.25,2.2,2.56,22
2024-10-14 10:00:00,2024-10-14 11:30:00,1.75,2.0,2.4142857142857146,10
2024-10-14 22:30:00,2024-10-15 00:30:00,2.25,2.4,2.611111111111111,22
2024-10-16 00:00:00,2024-10-16 01:00:00,1.25,2.7,2.7600000000000002,0
2024-10-23 06:00:00,2024-10-23 07:00:00,1.25,2.2,2.5200000000000005,6
2024-10-24 07:15:00,2024-10-24 09:00:00,2.0,2.0,2.7375,7
2024-10-25 08:00:00,2024-10-25 09:45:00,2.0,2.4,2.7,8
2024-10-26 08:45:00,2024-10-26 10:45:00,2.25,2.0,2.6333333333333333,8
2024-10-26 21:30:00,2024-10-26 23:00:00,1.75,2.4,2.6,21
2024-10-27 09:30:00,2024-10-27 11:45:00,2.5,1.9,2.38,9
2024-10-27 22:45:00,2024-10-28 00:00:00,1.5,2.5,2.7499999999999996,22
2024-10-28 23:15:00,2024-10-29 01:00:00,2.0,2.1,2.675,23
2024-10-29 23:45:00,2024-10-30 01:00:00,1.5,2.2,2.466666666666667,23
2024-10-30 23:45:00,2024-10-31 02:15:00,2.75,1.8,2.4454545454545458,23
2024-11-01 00:00:00,2024-11-01 02:15:00,2.5,1.9,2.4400000000000004,0
2024-11-02 00:30:00,2024-11-02 02:45:00,2.5,2.0,2.4400000000000004,0
2024-11-03 01:15:00,2024-11-03 03:00:00,2.0,2.1,2.5625,1
2024-11-04 03:00:00,2024-11-04 05:00:00,2.25,2.1,2.4444444444444446,3
2024-11-05 03:30:00,2024-11-05 04:30:00,1.25,2.1,2.58,3
2024-11-06 03:45:00,2024-11-06 05:30:00,2.0,2.0,2.4625,3
2024-11-08 05:00:00,2024-11-08 06:15:00,1.5,2.2,2.5833333333333335,5
2024-11-09 05:45:00,2024-11-09 08:30:00,3.0,1.8,2.4166666666666665,5
2024-11-11 09:30:00,2024-11-11 10:30:00,1.25,2.1,2.3600000000000003,9
2024-11-11 22:15:00,2024-11-11 23:15:00,1.25,2.5,2.7400000000000007,22
2025-05-02 05:00:00,2025-05-02 06:45:00,2.0,2.7,2.925,5
2025-05-04 07:30:00,2025-05-04 08:30:00,1.25,2.5,2.7800000000000002,7
2025-05-05 07:15:00,2025-05-05 09:30:00,2.5,2.5,2.71,7
2025-05-07 09:15:00,2025-05-07 10:30:00,1.5,2.8,2.9,9
2025-05-07 22:45:00,2025-05-07 23:45:00,1.25,2.8,2.8199999999999994,22
2025-05-08 10:15:00,2025-05-08 11:45:00,1.75,2.5,2.685714285714286,10
2025-05-08 23:00:00,2025-05-09 01:30:00,2.75,2.8,3.0454545454545454,23
2025-05-09 09:45:00,2025-05-09 12:00:00,2.5,2.6,2.8899999999999997,9
2025-05-09 23:15:00,2025-05-10 02:00:00,3.0,2.5,2.8249999999999997,23
2025-05-14 02:15:00,2025-05-14 04:45:00,2.75,2.2,2.709090909090909,2
2025-05-15 02:30:00,2025-05-15 05:15:00,3.0,2.3,2.6,2
2025-05-16 02:30:00,2025-05-16 05:30:00,3.25,1.9,2.5076923076923077,2
2025-05-17 03:15:00,2025-05-17 06:45:00,3.75,2.1,2.5066666666666664,3
2025-05-18 03:45:00,2025-05-18 08:00:00,4.5,1.9,2.5277777777777777,3
2025-05-19 05:15:00,2025-05-19 08:45:00,3.75,2.1,2.6133333333333337,5
2025-05-20 05:30:00,2025-05-20 09:30:00,4.25,1.8,2.358823529411765,5
2025-05-21 06:15:00,2025-05-21 09:00:00,3.0,1.9,2.3833333333333333,6
2025-05-22 08:15:00,2025-05-22 09:15:00,1.25,2.4,2.6599999999999997,8
2025-05-23 09:15:00,2025-05-23 11:15:00,2.25,2.3,2.7222222222222223,9
2025-05-23 22:30:00,2025-05-23 23:30:00,1.25,2.1,2.46,22
2025-05-25 00:15:00,2025-05-25 01:30:00,1.5,2.3,2.5,0
2025-05-27 02:00:00,2025-05-27 03:45:00,2.0,2.5,2.8875,2
2025-05-29 01:45:00,2025-05-29 05:15:00,3.75,1.9,2.3666666666666667,1
2025-05-30 02:30:00,2025-05-30 06:00:00,3.75,2.1,2.5533333333333332,2
2025-05-31 04:00:00,2025-05-31 07:00:00,3.25,2.6,2.8076923076923075,4
2025-06-01 05:15:00,2025-06-01 08:00:00,3.0,2.3,2.6,5
2025-06-02 05:30:00,2025-06-02 09:00:00,3.75,1.7,2.3,5
2025-06-03 06:00:00,2025-06-03 09:30:00,3.75,1.7,2.1333333333333333,6
2025-06-04 06:45:00,2025-06-04 09:45:00,3.25,2.3,2.723076923076923,6
2025-06-06 08:15:00,2025-06-06 10:45:00,2.75,1.9,2.536363636363636,8
2025-06-06 22:15:00,2025-06-07 00:00:00,2.0,2.6,2.825,22
2025-06-07 09:30:00,2025-06-07 11:00:00,1.75,2.1,2.442857142857143,9
2025-06-07 22:45:00,2025-06-08 00:45:00,2.25,1.9,2.3444444444444446,22
2025-06-08 10:30:00,2025-06-08 11:30:00,1.25,2.6,2.82,10
2025-06-08 23:15:00,2025-06-09 02:00:00,3.0,2.2,2.6166666666666663,23
2025-06-10 00:00:00,2025-06-10 03:30:00,3.75,2.1,2.68,0
2025-06-10 12:30:00,2025-06-10 13:15:00,1.0,2.1,2.5,12
2025-06-11 00:15:00,2025-06-11 03:30:00,3.5,2.1,2.6642857142857146,0
2025-06-12 00:15:00,2025-06-12 04:00:00,4.0,1.8,2.34375,0
2025-06-13 01:30:00,2025-06-13 05:00:00,3.75,2.1,2.5733333333333333,1
2025-06-14 01:45:00,2025-06-14 05:45:00,4.25,2.0,2.423529411764706,1
2025-06-15 02:15:00,2025-06-15 05:30:00,3.5,1.9,2.392857142857143,2
2025-06-16 03:00:00,2025-06-16 07:00:00,4.25,1.9,2.4176470588235297,3
2025-06-17 03:30:00,2025-06-17 08:00:00,4.75,1.9,2.3684210526315788,3
2025-06-18 04:15:00,2025-06-18 08:30:00,4.5,1.6,2.3277777777777775,4
2025-06-19 05:30:00,2025-06-19 09:15:00,4.0,2.1,2.54375,5
2025-06-20 06:00:00,2025-06-20 09:30:00,3.75,2.0,2.4,6
2025-06-20 21:00:00,2025-06-20 23:00:00,2.25,2.7,2.9444444444444446,21
2025-06-21 06:45:00,2025-06-21 10:45:00,4.25,1.9,2.3117647058823527,6
2025-06-21 21:15:00,2025-06-22 00:30:00,3.5,2.0,2.4285714285714284,21
2025-06-22 07:30:00,2025-06-22 12:00:00,4.75,2.0,2.4631578947368418,7
2025-06-22 22:15:00,2025-06-23 01:15:00,3.25,2.0,2.4,22
2025-06-23 08:30:00,2025-06-23 12:00:00,3.75,2.1,2.52,8
2025-06-23 22:30:00,2025-06-24 02:00:00,3.75,1.8,2.3266666666666667,22
2025-06-24 09:45:00,2025-06-24 11:00:00,1.5,2.8,2.8833333333333333,9
2025-06-24 23:00:00,2025-06-25 03:15:00,4.5,1.8,2.3333333333333335,23
2025-06-26 00:00:00,2025-06-26 03:45:00,4.0,2.0,2.45625,0
2025-06-27 01:00:00,2025-06-27 05:00:00,4.25,2.0,2.423529411764706,1
2025-06-28 01:45:00,2025-06-28 06:00:00,4.5,1.8,2.3888888888888893,1
2025-06-29 02:15:00,2025-06-29 06:30:00,4.5,1.6,2.25,2
2025-06-30 02:45:00,2025-06-30 07:30:00,5.0,1.5,2.0549999999999997,2
2025-07-01 03:30:00,2025-07-01 08:45:00,5.5,1.7,2.1636363636363636,3
2025-07-02 04:30:00,2025-07-02 09:00:00,4.75,2.0,2.405263157894737,4
2025-07-03 05:30:00,2025-07-03 10:15:00,5.0,1.7,2.3150000000000004,5
2025-07-04 06:00:00,2025-07-04 09:45:00,4.0,1.6,2.2249999999999996,6
2025-07-05 07:00:00,2025-07-05 10:30:00,3.75,2.1,2.7133333333333334,7
2025-07-05 22:15:00,2025-07-06 00:15:00,2.25,2.6,2.922222222222222,22
2025-07-06 07:45:00,2025-07-06 12:30:00,5.0,2.0,2.55,7
2025-07-06 22:00:00,2025-07-07 01:00:00,3.25,2.2,2.607692307692308,22
2025-07-07 08:45:00,2025-07-07 13:00:00,4.5,1.7,2.094444444444444,8
2025-07-07 21:30:00,2025-07-08 02:00:00,4.75,1.8,2.2789473684210524,21
2025-07-08 09:45:00,2025-07-08 12:45:00,3.25,2.0,2.4000000000000004,9
2025-07-08 22:30:00,2025-07-09 02:30:00,4.25,1.6,2.182352941176471,22
2025-07-09 11:00:00,2025-07-09 13:30:00,2.75,2.4,2.772727272727273,11
2025-07-09 22:45:00,2025-07-10 03:45:00,5.25,1.7,2.2238095238095235,22
2025-07-10 10:30:00,2025-07-10 14:15:00,4.0,1.7,2.1,10
2025-07-10 23:45:00,2025-07-11 03:30:00,4.0,2.1,2.45,23
2025-07-12 00:00:00,2025-07-12 04:15:00,4.5,1.6,2.2444444444444445,0
2025-07-13 01:00:00,2025-07-13 05:00:00,4.25,1.9,2.264705882352941,1
2025-07-14 01:45:00,2025-07-14 05:15:00,3.75,1.9,2.2066666666666666,1
2025-07-15 02:30:00,2025-07-15 07:00:00,4.75,1.4,2.2789473684210524,2
2025-07-16 03:15:00,2025-07-16 07:30:00,4.5,2.0,2.488888888888889,3
2025-07-17 03:45:00,2025-07-17 07:45:00,4.25,1.9,2.3294117647058825,3
2025-07-18 04:45:00,2025-07-18 09:00:00,4.5,1.6,2.1055555555555556,4
2025-07-18 18:30:00,2025-07-18 21:45:00,3.5,2.3,2.607142857142857,18
2025-07-19 05:15:00,2025-07-19 09:45:00,4.75,1.5,2.1526315789473682,5
2025-07-19 20:30:00,2025-07-19 22:30:00,2.25,2.3,2.688888888888888,20
2025-07-20 06:15:00,2025-07-20 10:30:00,4.5,1.9,2.3166666666666664,6
2025-07-20 21:00:00,2025-07-20 23:45:00,3.0,2.2,2.433333333333333,21
2025-07-21 07:15:00,2025-07-21 10:45:00,3.75,1.8,2.3466666666666667,7
2025-07-21 21:45:00,2025-07-22 00:45:00,3.25,1.9,2.4153846153846152,21
2025-07-22 08:15:00,2025-07-22 12:00:00,4.0,2.2,2.48125,8
2025-07-22 22:00:00,2025-07-23 01:45:00,4.0,1.8,2.25,22
2025-07-23 10:30:00,2025-07-23 13:30:00,3.25,2.6,2.823076923076923,10
2025-07-23 23:45:00,2025-07-24 03:00:00,3.5,2.0,2.378571428571429,23
2025-07-24 23:45:00,2025-07-25 03:45:00,4.25,1.6,2.094117647058824,23
2025-07-26 00:30:00,2025-07-26 04:45:00,4.5,1.8,2.272222222222222,0
2025-07-27 00:45:00,2025-07-27 05:15:00,4.75,1.2,1.9157894736842105,0
2025-07-28 01:00:00,2025-07-28 06:00:00,5.25,1.2,1.923809523809524,1
2025-07-29 01:30:00,2025-07-29 07:00:00,5.75,1.4,1.908695652173913,1
2025-07-30 03:30:00,2025-07-30 06:30:00,3.25,2.1,2.576923076923077,3
2025-07-31 03:00:00,2025-07-31 08:00:00,5.25,1.3,1.9285714285714288,3
2025-08-01 04:00:00,2025-08-01 09:45:00,6.0,1.2,2.0500000000000003,4
2025-08-02 06:00:00,2025-08-02 09:45:00,4.0,1.7,2.31875,6
2025-08-04 07:15:00,2025-08-04 11:00:00,4.0,2.0,2.44375,7
2025-08-04 22:00:00,2025-08-04 23:15:00,1.5,2.5,2.6333333333333333,22
2025-08-05 07:30:00,2025-08-05 11:45:00,4.5,1.3,2.094444444444444,7
2025-08-06 08:30:00,2025-08-06 12:15:00,4.0,1.9,2.2625,8
2025-08-06 22:15:00,2025-08-07 01:45:00,3.75,1.7,2.3866666666666663,22
2025-08-07 09:30:00,2025-08-07 13:30:00,4.25,1.9,2.4117647058823524,9
2025-08-07 23:30:00,2025-08-08 03:15:00,4.0,2.0,2.4937500000000004,23
2025-08-08 14:30:00,2025-08-08 15:30:00,1.25,2.7,3.04,14
2025-08-09 00:15:00,2025-08-09 03:00:00,3.0,2.1,2.35,0
2025-08-10 01:15:00,2025-08-10 03:45:00,2.75,2.3,2.5818181818181816,1
2025-08-11 02:15:00,2025-08-11 04:30:00,2.5,2.5,2.73,2
2025-08-12 01:30:00,2025-08-12 05:00:00,3.75,1.5,2.3400000000000003,1
2025-08-13 02:00:00,2025-08-13 05:45:00,4.0,1.4,2.03125,2
2025-08-14 02:30:00,2025-08-14 06:45:00,4.5,1.4,2.0611111111111113,2
2025-08-15 03:00:00,2025-08-15 07:30:00,4.75,1.1,1.831578947368421,3
2025-08-16 04:00:00,2025-08-16 08:30:00,4.75,1.3,1.9578947368421051,4
2025-08-16 19:00:00,2025-08-16 21:15:00,2.5,2.2,2.6799999999999997,19
2025-08-17 05:00:00,2025-08-17 09:45:00,5.0,1.3,2.035,5
2025-08-17 20:15:00,2025-08-17 22:45:00,2.75,2.0,2.481818181818182,20
2025-08-18 06:15:00,2025-08-18 11:30:00,5.5,1.4,2.0500000000000003,6
2025-08-18 21:00:00,2025-08-19 00:00:00,3.25,1.8,2.292307692307692,21
2025-08-19 07:15:00,2025-08-19 12:45:00,5.75,1.5,2.1739130434782608,7
2025-08-19 22:15:00,2025-08-20 01:30:00,3.5,1.9,2.278571428571428,22
2025-08-20 09:30:00,2025-08-20 13:00:00,3.75,2.0,2.5933333333333333,9
2025-08-20 23:30:00,2025-08-21 02:15:00,3.0,1.7,2.25,23
2025-08-21 11:45:00,2025-08-21 13:00:00,1.5,2.6,2.8000000000000003,11
2025-08-21 23:45:00,2025-08-22 02:30:00,3.0,1.6,2.216666666666667,23
2025-08-24 01:45:00,2025-08-24 04:30:00,3.0,1.8,2.433333333333333,1
2025-08-25 01:30:00,2025-08-25 05:00:00,3.75,1.5,2.1133333333333337,1
2025-08-26 01:15:00,2025-08-26 05:30:00,4.5,1.1,1.8888888888888888,1
2025-08-27 01:45:00,2025-08-27 06:30:00,5.0,0.9,1.7899999999999998,1
2025-08-28 02:30:00,2025-08-28 07:45:00,5.5,1.4,2.0636363636363635,2
2025-08-29 02:45:00,2025-08-29 08:15:00,5.75,1.2,2.017391304347826,2
2025-08-30 03:45:00,2025-08-30 08:15:00,4.75,1.6,2.1157894736842104,3
2025-09-01 06:30:00,2025-09-01 08:45:00,2.5,2.0,2.6399999999999997,6
2025-09-02 07:30:00,2025-09-02 10:45:00,3.5,1.8,2.55,7
2025-09-02 22:30:00,2025-09-02 23:30:00,1.25,2.2,2.54,22
2025-09-03 08:15:00,2025-09-03 11:45:00,3.75,2.2,2.486666666666667,8
2025-09-03 22:45:00,2025-09-04 00:45:00,2.25,2.3,2.622222222222222,22
2025-09-04 08:45:00,2025-09-04 12:45:00,4.25,2.1,2.435294117647058,8
2025-09-04 22:45:00,2025-09-05 01:45:00,3.25,1.7,2.3846153846153846,22
2025-09-05 09:30:00,2025-09-05 13:30:00,4.25,1.5,2.48235294117647,9
2025-09-05 23:00:00,2025-09-06 02:15:00,3.5,1.7,2.1714285714285717,23
2025-09-06 11:15:00,2025-09-06 13:45:00,2.75,2.5,2.890909090909091,11
2025-09-06 23:15:00,2025-09-07 02:30:00,3.5,1.2,2.1142857142857143,23
2025-09-08 00:00:00,2025-09-08 03:15:00,3.5,1.8,2.4071428571428575,0
2025-09-09 02:00:00,2025-09-09 04:15:00,2.5,2.0,2.6,2
2025-09-10 02:45:00,2025-09-10 05:00:00,2.5,2.0,2.47,2
2025-09-11 02:45:00,2025-09-11 05:30:00,3.0,1.7,2.3333333333333335,2
2025-09-12 03:15:00,2025-09-12 06:30:00,3.5,1.6,2.207142857142857,3
2025-09-13 04:45:00,2025-09-13 07:30:00,3.0,2.0,2.4250000000000003,4
2025-09-14 05:30:00,2025-09-14 08:45:00,3.5,2.2,2.4428571428571426,5
2025-09-15 06:30:00,2025-09-15 10:00:00,3.75,2.2,2.506666666666667,6
2025-09-16 07:00:00,2025-09-16 10:30:00,3.75,1.4,2.2,7
2025-09-17 08:15:00,2025-09-17 11:15:00,3.25,2.2,2.6307692307692303,8
2025-09-17 22:15:00,2025-09-18 00:30:00,2.5,2.4,2.67,22
2025-09-18 09:00:00,2025-09-18 12:00:00,3.25,2.2,2.6076923076923078,9
2025-09-18 22:30:00,2025-09-19 01:00:00,2.75,2.1,2.436363636363636,22
2025-09-19 10:30:00,2025-09-19 12:45:00,2.5,2.4,2.6799999999999997,10
2025-09-19 23:00:00,2025-09-20 02:15:00,3.5,1.9,2.3142857142857136,23
2025-09-20 23:30:00,2025-09-21 03:00:00,3.75,1.9,2.3733333333333335,23
2025-09-22 00:30:00,2025-09-22 03:30:00,3.25,1.9,2.3538461538461535,0
2025-09-23 00:45:00,2025-09-23 04:15:00,3.75,1.9,2.3466666666666662,0
2025-09-24 00:30:00,2025-09-24 04:45:00,4.5,1.4,2.088888888888889,0
2025-09-25 00:45:00,2025-09-25 05:15:00,4.75,1.5,2.1,0
2025-09-26 01:15:00,2025-09-26 06:00:00,5.0,1.4,2.03,1
2025-09-27 02:00:00,2025-09-27 06:30:00,4.75,1.6,2.1578947368421058,2
2025-09-28 02:45:00,2025-09-28 07:45:00,5.25,1.7,2.104761904761905,2
2025-09-29 04:00:00,2025-09-29 08:00:00,4.25,1.6,2.3588235294117648,4
2025-09-30 05:45:00,2025-09-30 09:15:00,3.75,2.1,2.4466666666666668,5
2025-10-01 07:15:00,2025-10-01 10:00:00,3.0,1.8,2.441666666666667,7
2025-10-02 08:45:00,2025-10-02 11:15:00,2.75,2.5,2.8272727272727276,8
2025-10-03 10:15:00,2025-10-03 11:15:00,1.25,2.3,2.6799999999999997,10
2025-10-06 00:45:00,2025-10-06 01:30:00,1.0,2.6,2.825,0
2025-10-07 00:45:00,2025-10-07 02:15:00,1.75,1.8,2.4714285714285715,0
2025-10-08 01:00:00,2025-10-08 03:00:00,2.25,2.2,2.611111111111111,1
2025-10-09 01:15:00,2025-10-09 03:45:00,2.75,2.2,2.5363636363636366,1
2025-10-20 00:30:00,2025-10-20 02:00:00,1.75,2.5,2.7857142857142856,0
2025-10-22 01:45:00,2025-10-22 02:30:00,1.0,2.5,2.7750000000000004,1
2026-04-26 09:30:00,2026-04-26 10:30:00,1.25,2.8,3.0,9
2026-05-07 05:45:00,2026-05-07 06:30:00,1.0,2.9,2.975,5
2026-05-10 07:15:00,2026-05-10 08:30:00,1.5,2.7,2.9166666666666665,7
2026-05-11 07:15:00,2026-05-11 09:30:00,2.5,2.3,2.6100000000000003,7
2026-05-14 23:45:00,2026-05-15 00:30:00,1.0,2.7,2.8249999999999997,23
2026-05-18 02:30:00,2026-05-18 03:45:00,1.5,1.9,2.483333333333334,2
2026-05-19 03:15:00,2026-05-19 04:45:00,1.75,2.3,2.6142857142857143,3
2026-05-20 03:45:00,2026-05-20 06:00:00,2.5,2.1,2.63,3
2026-05-21 04:30:00,2026-05-21 07:15:00,3.0,1.8,2.4249999999999994,4
2026-05-22 04:45:00,2026-05-22 08:30:00,4.0,1.7,2.3875,4
2026-05-23 05:15:00,2026-05-23 09:15:00,4.25,1.7,2.3588235294117643,5
2026-05-24 05:45:00,2026-05-24 10:00:00,4.5,1.7,2.3611111111111116,5
2026-05-25 06:45:00,2026-05-25 10:45:00,4.25,2.1,2.5647058823529414,6
2026-05-25 21:30:00,2026-05-25 22:15:00,1.0,2.6,2.75,21
2026-05-26 07:30:00,2026-05-26 11:15:00,4.0,2.1,2.59375,7
2026-05-26 22:00:00,2026-05-26 23:30:00,1.75,2.5,2.8285714285714283,22
2026-05-27 08:30:00,2026-05-27 12:00:00,3.75,2.4,2.7800000000000002,8
2026-05-27 21:45:00,2026-05-28 01:30:00,4.0,2.0,2.58125,21
2026-05-28 09:30:00,2026-05-28 12:15:00,3.0,2.2,2.6416666666666666,9
2026-05-28 22:00:00,2026-05-29 01:00:00,3.25,1.8,2.276923076923077,22
2026-05-29 10:45:00,2026-05-29 13:00:00,2.5,2.3,2.78,10
2026-05-29 23:30:00,2026-05-30 02:30:00,3.25,1.6,2.4076923076923076,23
2026-05-30 10:30:00,2026-05-30 13:30:00,3.25,2.2,2.6076923076923078,10
2026-05-30 23:30:00,2026-05-31 03:15:00,4.0,1.9,2.35625,23
2026-06-01 01:00:00,2026-06-01 04:15:00,3.5,2.1,2.635714285714286,1
2026-06-01 13:15:00,2026-06-01 14:45:00,1.75,2.5,2.9428571428571426,13
2026-06-03 03:30:00,2026-06-03 04:45:00,1.5,2.8,2.8833333333333333,3
2026-06-04 04:30:00,2026-06-04 06:30:00,2.25,2.4,2.755555555555555,4
2026-06-05 03:45:00,2026-06-05 07:00:00,3.5,2.3,2.6214285714285714,3
2026-06-06 04:00:00,2026-06-06 07:45:00,4.0,2.1,2.5875000000000004,4
2026-06-07 04:45:00,2026-06-07 08:30:00,4.0,2.2,2.5374999999999996,4
2026-06-08 05:00:00,2026-06-08 08:15:00,3.5,1.9,2.3642857142857143,5
2026-06-09 05:45:00,2026-06-09 09:00:00,3.5,1.9,2.35,5
2026-06-10 06:30:00,2026-06-10 10:15:00,4.0,2.0,2.45625,6
2026-06-11 07:00:00,2026-06-11 10:30:00,3.75,2.0,2.393333333333333,7
2026-06-11 21:30:00,2026-06-11 23:45:00,2.5,2.3,2.7399999999999998,21
2026-06-12 07:45:00,2026-06-12 11:30:00,4.0,2.0,2.6375,7
2026-06-12 21:45:00,2026-06-13 00:45:00,3.25,2.1,2.423076923076923,21
2026-06-13 08:45:00,2026-06-13 13:00:00,4.5,2.3,2.9388888888888887,8
2026-06-13 22:30:00,2026-06-14 01:30:00,3.25,1.9,2.276923076923077,22
2026-06-14 11:00:00,2026-06-14 12:15:00,1.5,2.5,2.75,11
2026-06-14 23:30:00,2026-06-15 03:00:00,3.75,2.3,2.58,23
2026-06-16 00:15:00,2026-06-16 03:45:00,3.75,1.9,2.2933333333333334,0
2026-06-17 01:30:00,2026-06-17 04:45:00,3.5,1.8,2.492857142857143,1
2026-06-18 02:15:00,2026-06-18 05:45:00,3.75,2.0,2.44,2
2026-06-19 03:00:00,2026-06-19 06:30:00,3.75,2.4,2.6266666666666665,3
2026-06-20 03:15:00,2026-06-20 07:15:00,4.25,2.0,2.429411764705882,3
2026-06-21 04:15:00,2026-06-21 08:30:00,4.5,1.6,2.238888888888889,4
2026-06-22 04:45:00,2026-06-22 09:15:00,4.75,1.7,2.194736842105263,4
2026-06-23 06:00:00,2026-06-23 10:30:00,4.75,1.6,2.210526315789474,6
2026-06-23 20:45:00,2026-06-23 21:45:00,1.25,2.7,2.8200000000000003,20
2026-06-24 08:00:00,2026-06-24 10:15:00,2.5,2.3,2.7,8
2026-06-24 21:15:00,2026-06-25 00:15:00,3.25,2.5,2.807692307692307,21
2026-06-25 08:00:00,2026-06-25 12:15:00,4.5,2.0,2.372222222222222,8
2026-06-25 22:00:00,2026-06-26 01:15:00,3.5,1.9,2.3785714285714286,22
2026-06-26 08:30:00,2026-06-26 13:00:00,4.75,1.7,2.2631578947368425,8
2026-06-26 22:00:00,2026-06-27 02:30:00,4.75,1.8,2.384210526315789,22
2026-06-27 09:45:00,2026-06-27 13:15:00,3.75,2.1,2.6466666666666665,9
2026-06-27 22:15:00,2026-06-28 03:15:00,5.25,1.7,2.238095238095238,22
2026-06-28 10:30:00,2026-06-28 12:30:00,2.25,2.5,2.6555555555555554,10
2026-06-28 22:45:00,2026-06-29 03:30:00,5.0,1.6,2.1449999999999996,22
2026-06-29 11:30:00,2026-06-29 13:30:00,2.25,2.5,3.022222222222222,11
2026-06-29 23:15:00,2026-06-30 04:00:00,5.0,1.7,2.0899999999999994,23
2026-06-30 12:15:00,2026-06-30 13:30:00,1.5,2.5,2.8166666666666664,12
2026-07-01 00:30:00,2026-07-01 04:45:00,4.5,1.6,2.1500000000000004,0
2026-07-02 00:45:00,2026-07-02 05:45:00,5.25,1.6,2.1380952380952385,0
2026-07-03 01:15:00,2026-07-03 06:00:00,5.0,1.4,1.8950000000000002,1
2026-07-04 01:45:00,2026-07-04 06:30:00,5.0,1.1,1.8099999999999998,1
2026-07-05 02:00:00,2026-07-05 07:30:00,5.75,1.0,1.8434782608695657,2
2026-07-06 02:45:00,2026-07-06 08:00:00,5.5,0.9,1.718181818181818,2
2026-07-07 03:30:00,2026-07-07 08:15:00,5.0,0.8,1.7100000000000002,3
2026-07-08 04:30:00,2026-07-08 09:00:00,4.75,1.0,2.0052631578947366,4
2026-07-08 19:30:00,2026-07-08 21:15:00,2.0,2.2,2.65,19
2026-07-09 05:15:00,2026-07-09 10:00:00,5.0,1.0,1.8999999999999997,5
2026-07-09 19:45:00,2026-07-09 23:00:00,3.5,2.0,2.6142857142857143,19
2026-07-10 06:15:00,2026-07-10 10:15:00,4.25,1.2,1.8411764705882356,6
2026-07-10 20:30:00,2026-07-11 00:00:00,3.75,1.7,2.213333333333333,20
2026-07-11 07:00:00,2026-07-11 11:00:00,4.25,1.5,2.0176470588235293,7
2026-07-11 21:00:00,2026-07-12 00:30:00,3.75,1.6,2.2,21
2026-07-12 07:45:00,2026-07-12 12:00:00,4.5,1.9,2.3499999999999996,7
2026-07-12 22:00:00,2026-07-13 01:30:00,3.75,1.7,2.3666666666666667,22
2026-07-13 09:45:00,2026-07-13 13:00:00,3.5,2.6,2.7285714285714286,9
2026-07-13 22:45:00,2026-07-14 02:30:00,4.0,2.0,2.3375000000000004,22
2026-07-14 10:15:00,2026-07-14 14:00:00,4.0,2.0,2.36875,10
2026-07-14 23:30:00,2026-07-15 05:00:00,5.75,2.1,2.4999999999999996,23
2026-07-16 00:15:00,2026-07-16 06:00:00,6.0,1.7,2.325,0
2026-07-17 00:45:00,2026-07-17 06:45:00,6.25,1.4,2.2439999999999998,0
2026-07-18 01:15:00,2026-07-18 06:30:00,5.5,1.3,2.040909090909091,1
2026-07-19 02:15:00,2026-07-19 07:15:00,5.25,1.7,2.080952380952381,2
2026-07-20 03:00:00,2026-07-20 08:15:00,5.5,1.2,1.95,3
2026-07-21 04:00:00,2026-07-21 09:15:00,5.5,1.9,2.3227272727272723,4
2026-07-22 05:45:00,2026-07-22 10:30:00,5.0,1.3,1.9650000000000003,5
2026-07-22 21:15:00,2026-07-22 22:00:00,1.0,2.7,2.8750000000000004,21
2026-07-23 06:30:00,2026-07-23 11:00:00,4.75,1.7,2.1368421052631574,6
2026-07-23 20:30:00,2026-07-23 23:45:00,3.5,2.5,2.7142857142857144,20
2026-07-24 07:15:00,2026-07-24 11:45:00,4.75,1.2,1.894736842105263,7
2026-07-24 20:00:00,2026-07-25 00:30:00,4.75,1.4,2.18421052631579,20
2026-07-25 07:30:00,2026-07-25 12:15:00,5.0,1.5,2.1600000000000006,7
2026-07-25 20:45:00,2026-07-26 01:30:00,5.0,1.4,2.08,20
2026-07-26 08:00:00,2026-07-26 12:00:00,4.25,1.5,2.2529411764705882,8
2026-07-26 22:30:00,2026-07-27 01:30:00,3.25,2.0,2.4153846153846157,22
2026-07-27 09:15:00,2026-07-27 12:45:00,3.75,2.4,2.6399999999999997,9
2026-07-27 22:30:00,2026-07-28 02:15:00,4.0,1.8,2.2125000000000004,22
2026-07-28 10:45:00,2026-07-28 11:30:00,1.0,2.9,2.9,10
2026-07-28 23:15:00,2026-07-29 03:15:00,4.25,1.9,2.3294117647058825,23
2026-07-29 23:15:00,2026-07-30 03:45:00,4.75,1.6,2.142105263157895,23
2026-07-31 00:15:00,2026-07-31 04:30:00,4.5,1.7,2.155555555555556,0
2026-08-01 00:45:00,2026-08-01 05:15:00,4.75,1.9,2.342105263157895,0
2026-08-02 00:45:00,2026-08-02 05:15:00,4.75,1.5,2.0842105263157893,0
2026-08-03 01:30:00,2026-08-03 06:00:00,4.75,1.5,2.1315789473684212,1
2026-08-04 02:00:00,2026-08-04 06:30:00,4.75,1.2,1.9210526315789478,2
2026-08-05 02:45:00,2026-08-05 07:30:00,5.0,0.9,1.86,2
2026-08-06 04:15:00,2026-08-06 08:45:00,4.75,1.4,2.0210526315789474,4
2026-08-06 18:45:00,2026-08-06 21:00:00,2.5,2.1,2.62,18
2026-08-07 05:00:00,2026-08-07 09:00:00,4.25,1.0,1.8235294117647058,5
2026-08-07 20:15:00,2026-08-07 22:15:00,2.25,2.2,2.588888888888889,20
2026-08-08 06:15:00,2026-08-08 10:30:00,4.5,0.6,1.8222222222222224,6
2026-08-08 20:00:00,2026-08-08 22:15:00,2.5,2.1,2.55,20
2026-08-09 06:45:00,2026-08-09 11:45:00,5.25,1.5,1.9761904761904758,6
2026-08-09 20:45:00,2026-08-10 00:30:00,4.0,1.8,2.2625,20
2026-08-10 07:45:00,2026-08-10 12:30:00,5.0,1.4,2.035,7
2026-08-10 21:30:00,2026-08-11 01:45:00,4.5,1.6,2.211111111111111,21
2026-08-11 09:15:00,2026-08-11 13:00:00,4.0,2.2,2.4625000000000004,9
2026-08-11 22:45:00,2026-08-12 02:30:00,4.0,1.7,2.2562499999999996,22
2026-08-12 13:30:00,2026-08-12 14:30:00,1.25,2.6,2.8600000000000003,13
2026-08-12 23:15:00,2026-08-13 03:15:00,4.25,1.4,2.023529411764706,23
2026-08-14 00:00:00,2026-08-14 05:00:00,5.25,1.6,2.214285714285714,0
2026-08-15 00:30:00,2026-08-15 05:30:00,5.25,1.6,2.1285714285714286,0
2026-08-16 01:00:00,2026-08-16 05:45:00,5.0,1.2,1.9049999999999998,1
2026-08-17 01:15:00,2026-08-17 07:00:00,6.0,1.0,1.7750000000000001,1
2026-08-18 02:15:00,2026-08-18 07:45:00,5.75,0.8,1.556521739130435,2
2026-08-19 03:30:00,2026-08-19 08:15:00,5.0,0.7,1.6199999999999999,3
2026-08-20 04:15:00,2026-08-20 09:30:00,5.5,0.9,1.731818181818182,4
2026-08-20 19:45:00,2026-08-20 20:45:00,1.25,2.5,2.9,19
2026-08-21 05:30:00,2026-08-21 11:00:00,5.75,0.8,1.5956521739130436,5
2026-08-21 20:30:00,2026-08-21 23:30:00,3.25,2.0,2.630769230769231,20
2026-08-22 06:45:00,2026-08-22 11:15:00,4.75,1.5,2.0684210526315794,6
2026-08-22 21:30:00,2026-08-22 23:00:00,1.75,0.1,1.5142857142857142,21
2026-08-23 20:00:00,2026-08-23 23:45:00,4.0,1.2,2.0375,20
2026-08-24 07:45:00,2026-08-24 12:00:00,4.5,1.2,2.0222222222222226,7
2026-08-24 20:45:00,2026-08-25 01:15:00,4.75,1.3,1.9368421052631577,20
2026-08-25 08:45:00,2026-08-25 13:15:00,4.75,1.4,2.042105263157895,8
2026-08-25 21:30:00,2026-08-25 23:30:00,2.25,2.2,2.466666666666667,21
2026-08-26 08:30:00,2026-08-26 10:30:00,2.25,2.0,2.4444444444444446,8
2026-08-26 12:00:00,2026-08-26 13:15:00,1.5,0.8,2.033333333333333,12
2026-08-26 22:00:00,2026-08-27 02:45:00,5.0,1.7,2.3099999999999996,22
2026-08-27 09:15:00,2026-08-27 14:15:00,5.25,1.8,2.3857142857142857,9
2026-08-27 22:45:00,2026-08-28 02:45:00,4.25,1.9,2.394117647058824,22
2026-08-28 10:30:00,2026-08-28 15:30:00,5.25,1.6,2.3523809523809525,10
2026-08-28 23:00:00,2026-08-29 04:15:00,5.5,1.6,2.1818181818181817,23
2026-08-29 11:45:00,2026-08-29 15:45:00,4.25,2.0,2.6176470588235294,11
2026-08-29 23:30:00,2026-08-30 05:00:00,5.75,1.5,2.291304347826087,23
2026-08-30 15:00:00,2026-08-30 16:00:00,1.25,2.4,2.7,15
2026-08-31 00:15:00,2026-08-31 05:45:00,5.75,1.4,2.1826086956521737,0
2026-09-01 01:00:00,2026-09-01 06:00:00,5.25,1.2,1.833333333333333,1
2026-09-02 01:30:00,2026-09-02 06:30:00,5.25,0.8,1.5666666666666669,1
2026-09-02 17:15:00,2026-09-02 18:00:00,1.0,2.6,2.8,17
2026-09-03 02:15:00,2026-09-03 07:30:00,5.5,0.9,1.518181818181818,2
2026-09-03 18:00:00,2026-09-03 18:45:00,1.0,2.3,2.6750000000000003,18
2026-09-04 03:15:00,2026-09-04 08:45:00,5.75,0.8,1.6521739130434785,3
2026-09-05 04:15:00,2026-09-05 09:15:00,5.25,0.8,1.6142857142857143,4
2026-09-05 20:00:00,2026-09-05 22:30:00,2.75,1.6,2.463636363636364,20
2026-09-06 05:45:00,2026-09-06 10:15:00,4.75,1.1,1.7684210526315791,5
2026-09-07 07:15:00,2026-09-07 10:45:00,3.75,1.4,2.2933333333333334,7
2026-09-07 22:15:00,2026-09-08 00:15:00,2.25,2.2,2.588888888888889,22
2026-09-08 10:00:00,2026-09-08 12:00:00,2.25,2.2,2.711111111111111,10
2026-09-08 23:15:00,2026-09-09 01:30:00,2.5,1.8,2.3899999999999997,23
